-- MySQL dump 10.13  Distrib 9.2.0, for macos15.2 (arm64)
--
-- Host: 103.132.3.27    Database: app
-- ------------------------------------------------------
-- Server version	8.0.39-0ubuntu0.22.04.1

/*!40101 SET @OLD_CHARACTER_SET_CLIENT=@@CHARACTER_SET_CLIENT */;
/*!40101 SET @OLD_CHARACTER_SET_RESULTS=@@CHARACTER_SET_RESULTS */;
/*!40101 SET @OLD_COLLATION_CONNECTION=@@COLLATION_CONNECTION */;
/*!50503 SET NAMES utf8mb4 */;
/*!40103 SET @OLD_TIME_ZONE=@@TIME_ZONE */;
/*!40103 SET TIME_ZONE='+00:00' */;
/*!40014 SET @OLD_UNIQUE_CHECKS=@@UNIQUE_CHECKS, UNIQUE_CHECKS=0 */;
/*!40014 SET @OLD_FOREIGN_KEY_CHECKS=@@FOREIGN_KEY_CHECKS, FOREIGN_KEY_CHECKS=0 */;
/*!40101 SET @OLD_SQL_MODE=@@SQL_MODE, SQL_MODE='NO_AUTO_VALUE_ON_ZERO' */;
/*!40111 SET @OLD_SQL_NOTES=@@SQL_NOTES, SQL_NOTES=0 */;

--
-- Table structure for table `_prisma_migrations`
--

DROP TABLE IF EXISTS `_prisma_migrations`;
/*!40101 SET @saved_cs_client     = @@character_set_client */;
/*!50503 SET character_set_client = utf8mb4 */;
CREATE TABLE `_prisma_migrations` (
  `id` varchar(36) COLLATE utf8mb4_unicode_ci NOT NULL,
  `checksum` varchar(64) COLLATE utf8mb4_unicode_ci NOT NULL,
  `finished_at` datetime(3) DEFAULT NULL,
  `migration_name` varchar(255) COLLATE utf8mb4_unicode_ci NOT NULL,
  `logs` text COLLATE utf8mb4_unicode_ci,
  `rolled_back_at` datetime(3) DEFAULT NULL,
  `started_at` datetime(3) NOT NULL DEFAULT CURRENT_TIMESTAMP(3),
  `applied_steps_count` int unsigned NOT NULL DEFAULT '0',
  PRIMARY KEY (`id`)
) ENGINE=InnoDB DEFAULT CHARSET=utf8mb4 COLLATE=utf8mb4_unicode_ci;
/*!40101 SET character_set_client = @saved_cs_client */;

--
-- Dumping data for table `_prisma_migrations`
--

/*!40000 ALTER TABLE `_prisma_migrations` DISABLE KEYS */;
INSERT INTO `_prisma_migrations` VALUES ('0d164408-afc6-415a-95cb-4824dfe66e72','01f8b5291fba1af85852eb082e78870888bbf41fddfa4881cd967aa49aa0333e','2024-08-04 12:58:39.805','20240804125832_',NULL,NULL,'2024-08-04 12:58:39.783',1),('16a1e900-b47a-40cd-b10e-9216fb592b4b','e510340838d81e0babd7bfc03038e1eead577570baf0c71e026a562d240e528a','2024-08-02 13:41:54.946','20240802134154_',NULL,NULL,'2024-08-02 13:41:54.804',1),('22f1cdf2-3897-4de8-8dc8-ea68467a294f','44baf53b065dd2c4490dc3623deae4780a85f3ec4f6fcf071fbf7e8b5b625657','2024-07-30 14:16:22.602','20240730141613_init',NULL,NULL,'2024-07-30 14:16:22.588',1),('371a60bc-4296-486e-a5be-a397f524f84e','2df2acc4952f6aa57e892526d5f791a7c7561439f6cc090955a1e3be821293de','2024-07-30 14:40:37.079','20240730144036_create',NULL,NULL,'2024-07-30 14:40:36.954',1),('57fe4992-6e0b-4959-b009-98d687cef349','138adf6ac5c251dc100ad797c40696c45fdb51cbc84cec658f66f325847dd72c','2024-08-09 14:32:01.840','20240809143201_',NULL,NULL,'2024-08-09 14:32:01.814',1),('6e99bd1f-fbed-48bb-b16c-54167e277a8d','26da691b102a2675857f234a0ee64c8ea972d38fee621b8761422ed8b4d74029','2024-07-31 16:46:23.990','20240731164623_edittableeat',NULL,NULL,'2024-07-31 16:46:23.935',1),('7c258794-3db8-4455-8b59-f2017a99318b','6127fce5397430d84325879e8ea59f9034edd6c9524c616ce7a1f2ac065de27e','2024-08-04 15:13:18.841','20240804151312_',NULL,NULL,'2024-08-04 15:13:18.827',1),('a0031830-0562-4812-bbae-aa4d46be7d92','1aeb701282e30e9b18771b85e2401ab951f74e079370c4c30a3b63a9ef7c17a2','2024-08-04 17:32:33.978','20240804173233_',NULL,NULL,'2024-08-04 17:32:33.963',1),('c0af8c34-9dfc-45ac-9d6f-aa0dc237c687','b8128acad9c98f0a590e8d633810c5685c6e8cc6c52e26173033ca711488574b','2024-08-02 13:37:34.820','20240802133734_menu',NULL,NULL,'2024-08-02 13:37:34.808',1),('c796d664-e67f-4a19-a00d-c823e125977f','be437e55b9a26fe6ceab0dfeececd48711acf451c127648904d2242e35d7da1b','2024-08-04 09:28:59.214','20240804092859_',NULL,NULL,'2024-08-04 09:28:59.183',1),('ceff0fbb-e12c-4f14-9d11-8177c263b01e','663d1ee4750b3ba492041b482118993394b1f909b8158317149452872263e1ae','2024-08-02 15:36:37.342','20240802153637_',NULL,NULL,'2024-08-02 15:36:37.331',1),('dd25c159-6099-4a6b-871b-a6494727b96c','2291688a8cfbf3c1126ba08efbf2f09af3e6c0a8577168a81c14d0a2b9e4a03b','2024-08-09 11:01:59.171','20240809110150_',NULL,NULL,'2024-08-09 11:01:59.150',1),('eedb526b-37a6-4817-8b5a-b48c1566fe9e','e9060e68474a7d43db876c8bde76920f0b064e618c4418285166b739742897ba','2024-08-04 08:34:59.104','20240804083459_',NULL,NULL,'2024-08-04 08:34:59.075',1);
/*!40000 ALTER TABLE `_prisma_migrations` ENABLE KEYS */;

--
-- Table structure for table `activity`
--

DROP TABLE IF EXISTS `activity`;
/*!40101 SET @saved_cs_client     = @@character_set_client */;
/*!50503 SET character_set_client = utf8mb4 */;
CREATE TABLE `activity` (
  `id` int NOT NULL AUTO_INCREMENT,
  `name` varchar(191) COLLATE utf8mb4_unicode_ci NOT NULL,
  `kcal` varchar(191) COLLATE utf8mb4_unicode_ci NOT NULL,
  `time` varchar(191) COLLATE utf8mb4_unicode_ci NOT NULL,
  PRIMARY KEY (`id`)
) ENGINE=InnoDB AUTO_INCREMENT=7 DEFAULT CHARSET=utf8mb4 COLLATE=utf8mb4_unicode_ci;
/*!40101 SET character_set_client = @saved_cs_client */;

--
-- Dumping data for table `activity`
--

/*!40000 ALTER TABLE `activity` DISABLE KEYS */;
INSERT INTO `activity` VALUES (1,'กวาดลานวัด','1000','30'),(2,'เดินจงกลม','500','30'),(3,'เดิน','200','10'),(4,'วิ่ง','300','5'),(5,'ทดสอบ','500','1'),(6,'ทดสอบ1','11','2');
/*!40000 ALTER TABLE `activity` ENABLE KEYS */;

--
-- Table structure for table `chat`
--

DROP TABLE IF EXISTS `chat`;
/*!40101 SET @saved_cs_client     = @@character_set_client */;
/*!50503 SET character_set_client = utf8mb4 */;
CREATE TABLE `chat` (
  `id` int NOT NULL AUTO_INCREMENT,
  `userid` int NOT NULL,
  `data` varchar(191) COLLATE utf8mb4_unicode_ci NOT NULL,
  `date` datetime(3) NOT NULL,
  PRIMARY KEY (`id`)
) ENGINE=InnoDB DEFAULT CHARSET=utf8mb4 COLLATE=utf8mb4_unicode_ci;
/*!40101 SET character_set_client = @saved_cs_client */;

--
-- Dumping data for table `chat`
--

/*!40000 ALTER TABLE `chat` DISABLE KEYS */;
/*!40000 ALTER TABLE `chat` ENABLE KEYS */;

--
-- Table structure for table `dataday`
--

DROP TABLE IF EXISTS `dataday`;
/*!40101 SET @saved_cs_client     = @@character_set_client */;
/*!50503 SET character_set_client = utf8mb4 */;
CREATE TABLE `dataday` (
  `id` int NOT NULL AUTO_INCREMENT,
  `userid` int NOT NULL,
  `date` varchar(191) COLLATE utf8mb4_unicode_ci NOT NULL,
  `height` int NOT NULL,
  `weight` int NOT NULL,
  `bmi` int NOT NULL,
  `fat` int DEFAULT NULL,
  `pressure` int DEFAULT NULL,
  `sugarlevel` int DEFAULT NULL,
  `HDL` int DEFAULT NULL,
  `LDL` int DEFAULT NULL,
  `Trlglycerldes` int DEFAULT NULL,
  `totalCholesterol` int DEFAULT NULL,
  PRIMARY KEY (`id`)
) ENGINE=InnoDB AUTO_INCREMENT=49 DEFAULT CHARSET=utf8mb4 COLLATE=utf8mb4_unicode_ci;
/*!40101 SET character_set_client = @saved_cs_client */;

--
-- Dumping data for table `dataday`
--

/*!40000 ALTER TABLE `dataday` DISABLE KEYS */;
INSERT INTO `dataday` VALUES (1,9,'สิงหาคม',176,80,25,NULL,60,60,60,60,60,60),(2,9,'สิงหาคม',160,45,17,NULL,120,120,98,150,99,89),(3,8,'สิงหาคม',180,70,21,NULL,130,120,30,30,30,30),(4,1,'กันยายน',123,123,81,NULL,123,123,231,23,123,1231),(5,1,'กันยายน',123,123,81,NULL,150,160,232,222,333,142),(6,9,'กันยายน',168,84,29,NULL,135,96,260,260,260,260),(7,6,'กันยายน',161,60,23,NULL,120,90,NULL,NULL,NULL,NULL),(8,8,'กันยายน',165,55,20,NULL,120,24,25,35,14,24),(9,9,'กันยายน',178,70,22,NULL,114,100,NULL,NULL,NULL,NULL),(10,11,'กันยายน',170,90,31,NULL,130,120,50,50,50,50),(11,11,'กันยายน',170,90,31,NULL,130,120,50,50,50,50),(12,11,'กันยายน',170,90,31,NULL,130,120,50,50,50,50),(13,11,'กันยายน',170,90,31,NULL,130,120,50,50,50,50),(14,11,'กันยายน',170,90,31,NULL,130,120,50,50,50,50),(15,11,'กันยายน',170,90,31,NULL,130,120,50,50,50,50),(16,12,'กันยายน',160,52,20,NULL,120,120,77,118,98,87),(17,12,'กันยายน',160,52,20,NULL,120,120,77,118,98,87),(18,12,'กันยายน',160,52,20,NULL,0,0,0,0,0,0),(19,12,'กันยายน',160,53,20,NULL,120,90,0,0,0,0),(20,12,'กันยายน',176,88,28,NULL,120,0,0,0,0,0),(21,12,'กันยายน',176,88,28,NULL,120,300,200,200,200,200),(22,12,'กันยายน',176,88,28,NULL,120,300,200,200,200,10000),(23,12,'กันยายน',160,120,46,NULL,90,0,0,0,0,0),(24,13,'กันยายน',160,51,19,NULL,120,0,0,0,0,0),(25,13,'กันยายน',160,51,19,NULL,120,0,0,0,0,0),(26,13,'กันยายน',176,88,28,NULL,120,50,0,0,0,0),(27,6,'กันยายน',165,70,25,NULL,124,109,0,0,0,0),(28,15,'กันยายน',171,70,23,NULL,144,83,0,0,0,0),(29,21,'กันยายน',172,110,37,NULL,113,112,NULL,NULL,NULL,NULL),(30,21,'กันยายน',172,110,37,NULL,113,112,NULL,NULL,NULL,NULL),(31,22,'กันยายน',165,79,29,NULL,136,106,NULL,NULL,NULL,NULL),(32,22,'กันยายน',165,79,29,NULL,136,106,NULL,NULL,NULL,NULL),(33,29,'กันยายน',168,85,30,NULL,118,138,0,0,0,0),(34,30,'กันยายน',178,44,13,NULL,110,123,0,0,0,0),(35,27,'กันยายน',170,86,29,NULL,165,130,0,0,0,0),(36,32,'กันยายน',165,100,36,NULL,138,72,0,0,0,0),(37,32,'กันยายน',165,49,36,NULL,138,72,0,0,0,0),(38,1,'2025-01-20',170,65,22,NULL,120,90,60,120,150,200),(39,1,'2025-01-20',170,65,22,NULL,120,90,60,120,150,200),(40,1,'Wed Feb 05 2025',200,80,20,NULL,180,158,165,157,113,157),(41,1,'Wed Feb 05 2025',200,80,20,NULL,180,158,165,157,113,157),(42,1,'Wed Feb 05 2025',200,80,20,NULL,180,158,165,157,113,157),(43,39,'Wed Feb 05 2025',180,80,24,NULL,158,158,147,241,111,123),(44,39,'Wed Feb 05 2025',180,70,21,NULL,143,145,233,123,123,123),(45,39,'Wed Feb 05 2025',180,70,21,NULL,338,245,233,342,324,234),(46,39,'Fri Feb 07 2025',180,80,24,NULL,123,321,123,231,213,123),(47,39,'Fri Feb 07 2025',180,80,24,NULL,213,321,123,231,213,123),(48,39,'Sat Feb 08 2025',180,90,27,NULL,115,102,120,108,103,105);
/*!40000 ALTER TABLE `dataday` ENABLE KEYS */;

--
-- Table structure for table `eat`
--

DROP TABLE IF EXISTS `eat`;
/*!40101 SET @saved_cs_client     = @@character_set_client */;
/*!50503 SET character_set_client = utf8mb4 */;
CREATE TABLE `eat` (
  `id` int NOT NULL AUTO_INCREMENT,
  `userid` int NOT NULL,
  `food` varchar(191) COLLATE utf8mb4_unicode_ci DEFAULT NULL,
  `rice1` varchar(191) COLLATE utf8mb4_unicode_ci DEFAULT NULL,
  `rice2` varchar(191) COLLATE utf8mb4_unicode_ci DEFAULT NULL,
  `fruit` varchar(191) COLLATE utf8mb4_unicode_ci DEFAULT NULL,
  `thaidessert` varchar(191) COLLATE utf8mb4_unicode_ci DEFAULT NULL,
  `drink` varchar(191) COLLATE utf8mb4_unicode_ci DEFAULT NULL,
  `Kcal` varchar(191) COLLATE utf8mb4_unicode_ci NOT NULL,
  `date` datetime(3) NOT NULL,
  PRIMARY KEY (`id`)
) ENGINE=InnoDB AUTO_INCREMENT=392 DEFAULT CHARSET=utf8mb4 COLLATE=utf8mb4_unicode_ci;
/*!40101 SET character_set_client = @saved_cs_client */;

--
-- Dumping data for table `eat`
--

/*!40000 ALTER TABLE `eat` DISABLE KEYS */;
INSERT INTO `eat` VALUES (64,2,'เมนูอาหาร','ข้าวจ้าว','ข้าวเหนียว','เมนูน้ำ','ขนมชั้น','ผลไม้','247','2024-08-04 13:24:55.945'),(65,2,'เมนูอาหาร','ข้าวจ้าว','ข้าวเหนียว','เมนูน้ำ','ขนมชั้น','ผลไม้','247','2024-08-04 13:25:16.903'),(66,2,'เมนูอาหาร','ข้าวจ้าว','ข้าวเหนียว','เมนูน้ำ','ขนมชั้น','ผลไม้','247','2024-08-04 13:25:17.220'),(67,2,'เมนูอาหาร','ข้าวจ้าว','ข้าวเหนียว','เมนูน้ำ','ขนมชั้น','ผลไม้','247','2024-08-04 13:25:17.473'),(68,2,'ปลาหมึกเค็มทอด','ข้าวจ้าว','ข้าวเหนียว','นมถั่วเหลือง','กล้วยบวชชี','มันแกว','705','2024-08-05 05:48:41.698'),(69,9,'ปลาหมึกเค็มทอด','ข้าวจ้าว 2 กำมือ','ข้าวเหนียว 2 กำมือ','เมนูน้ำ','มะม่วงสุก','ผลไม้','295','2024-09-04 02:59:57.228'),(70,9,'ปลาทอด','ข้าวจ้าว 2 กำมือ','ข้าวเหนียว','M-150','ขนมชั้น','มันแกว','504','2024-09-06 02:30:31.725'),(71,9,'ปลาทอด','ข้าวจ้าว 2 กำมือ','ข้าวเหนียว','M-150','ขนมชั้น','มันแกว','504','2024-09-06 02:30:50.469'),(72,9,'ปลาทอด','ข้าวจ้าว 2 กำมือ','ข้าวเหนียว','M-150','ขนมชั้น','มันแกว','504','2024-09-06 02:31:13.020'),(73,9,'ปลาทอด','ข้าวจ้าว 2 กำมือ','ข้าวเหนียว','M-150','ขนมชั้น','มันแกว','504','2024-09-06 02:31:21.394'),(74,9,'ปลาทอด','ข้าวจ้าว 2 กำมือ','ข้าวเหนียว','M-150','ขนมชั้น','มันแกว','504','2024-09-06 02:31:23.985'),(75,9,'เมนูอาหาร','ข้าวจ้าว','ข้าวเหนียว','เมนูน้ำ','ขนมชั้น','ผลไม้','247','2024-09-06 03:30:48.712'),(76,9,'หมูทอด','ข้าวจ้าว','ข้าวเหนียว 2 กำมือ','น้ำอัดลม','ขนมชั้น','ฝรั่ง','1132','2024-09-06 03:31:11.999'),(77,8,'ไข่ตุ๋น','ข้าวจ้าว 2 กำมือ','ข้าวเหนียว','นมถั่วเหลือง','ขนมเปียกปูน','มันแกว','562','2024-09-06 03:50:46.680'),(78,8,'เมนูอาหาร','ข้าวจ้าว','ข้าวเหนียว','เมนูน้ำ','ขนมชั้น','ผลไม้','247','2024-09-06 03:50:58.784'),(79,8,'เมนูอาหาร','ข้าวจ้าว','ข้าวเหนียว','เมนูน้ำ','ขนมชั้น','ผลไม้','247','2024-09-06 03:51:00.638'),(80,8,'เมนูอาหาร','ข้าวจ้าว','ข้าวเหนียว','เมนูน้ำ','ขนมชั้น','ผลไม้','247','2024-09-06 03:51:01.642'),(81,8,'เมนูอาหาร','ข้าวจ้าว','ข้าวเหนียว','เมนูน้ำ','ขนมชั้น','ผลไม้','247','2024-09-06 03:51:03.151'),(82,4,'เมนูอาหาร','ข้าวจ้าว','ข้าวเหนียว','เมนูน้ำ','ขนมชั้น','ฝรั่ง','367','2024-09-06 04:21:26.045'),(83,4,'เมนูอาหาร','ข้าวจ้าว','ข้าวเหนียว','เมนูน้ำ','ขนมชั้น','ฝรั่ง','367','2024-09-06 04:21:33.564'),(84,4,'เมนูอาหาร','ข้าวจ้าว','ข้าวเหนียว','เมนูน้ำ','ขนมชั้น','ฝรั่ง','367','2024-09-06 04:21:35.375'),(85,4,'เมนูอาหาร','ข้าวจ้าว','ข้าวเหนียว','เมนูน้ำ','ขนมชั้น','ฝรั่ง','367','2024-09-06 04:21:36.922'),(86,5,'เมนูอาหาร','ข้าวจ้าว','ข้าวเหนียว','เมนูน้ำ','ขนมชั้น','มันแกว','287','2024-09-10 13:27:31.359'),(87,5,'เมนูอาหาร','ข้าวจ้าว','ข้าวเหนียว','เมนูน้ำ','ขนมชั้น','มันแกว','287','2024-09-10 13:27:35.367'),(88,5,'เมนูอาหาร','ข้าวจ้าว','ข้าวเหนียว','เมนูน้ำ','ขนมชั้น','มันแกว','287','2024-09-10 13:27:37.621'),(89,5,'เมนูอาหาร','ข้าวจ้าว','ข้าวเหนียว','เมนูน้ำ','ขนมชั้น','มันแกว','287','2024-09-10 13:27:39.697'),(90,5,'เมนูอาหาร','ข้าวจ้าว','ข้าวเหนียว 2 กำมือ','เมนูน้ำ','ขนมชั้น','ผลไม้','247','2024-09-10 14:17:54.390'),(91,5,'เมนูอาหาร','ข้าวจ้าว','ข้าวเหนียว 2 กำมือ','เมนูน้ำ','ขนมชั้น','ผลไม้','247','2024-09-10 14:17:58.656'),(92,5,'เมนูอาหาร','ข้าวจ้าว','ข้าวเหนียว 2 กำมือ','เมนูน้ำ','ขนมชั้น','ผลไม้','247','2024-09-10 14:18:03.125'),(93,5,'เมนูอาหาร','ข้าวจ้าว','ข้าวเหนียว 2 กำมือ','เมนูน้ำ','ขนมชั้น','ผลไม้','247','2024-09-10 14:18:21.248'),(94,5,'เมนูอาหาร','ข้าวจ้าว','ข้าวเหนียว 4 กำมือ','เมนูน้ำ','ขนมชั้น','กล้วย','367','2024-09-10 14:18:36.573'),(95,5,'เมนูอาหาร','ข้าวจ้าว','ข้าวเหนียว 4 กำมือ','เมนูน้ำ','ขนมชั้น','กล้วย','367','2024-09-10 14:18:41.234'),(96,5,'เมนูอาหาร','ข้าวจ้าว','ข้าวเหนียว 4 กำมือ','นมถั่วเหลือง','ขนมชั้น','กล้วย','627','2024-09-10 14:18:46.017'),(97,5,'เมนูอาหาร','ข้าวจ้าว','ข้าวเหนียว 4 กำมือ','นมถั่วเหลือง','ขนมชั้น','กล้วย','627','2024-09-10 14:18:51.283'),(98,5,'เมนูอาหาร','ข้าวจ้าว','ข้าวเหนียว 2 กำมือ','เมนูน้ำ','ขนมชั้น','ผลไม้','247','2024-09-10 14:19:12.782'),(99,5,'เมนูอาหาร','ข้าวจ้าว','ข้าวเหนียว 2 กำมือ','เมนูน้ำ','ขนมตาล','ผลไม้','32','2024-09-10 14:19:17.046'),(100,5,'เมนูอาหาร','ข้าวจ้าว','ข้าวเหนียว 2 กำมือ','เมนูน้ำ','ขนมตาล','กล้วย','152','2024-09-10 14:19:21.334'),(101,5,'เนื้อทอด','ข้าวจ้าว','ข้าวเหนียว','เมนูน้ำ','ขนมชั้น','ผลไม้','659','2024-09-10 14:19:30.521'),(102,5,'เนื้อทอด','ข้าวจ้าว','ข้าวเหนียว','เมนูน้ำ','ขนมชั้น','ฝรั่ง','779','2024-09-10 14:19:35.645'),(103,5,'เนื้อทอด','ข้าวจ้าว','ข้าวเหนียว','เมนูน้ำ','ขนมชั้น','ฝรั่ง','779','2024-09-10 14:20:12.344'),(104,5,'เมนูอาหาร','ข้าวจ้าว','ข้าวเหนียว','เมนูน้ำ','ขนมชั้น','มันแกว','287','2024-09-10 14:20:18.863'),(105,5,'เมนูอาหาร','ข้าวจ้าว 3 กำมือ','ข้าวเหนียว','เมนูน้ำ','ขนมชั้น','ผลไม้','247','2024-09-10 14:20:29.143'),(106,5,'เมนูอาหาร','ข้าวจ้าว','ข้าวเหนียว','นมถั่วเหลือง','ขนมชั้น','ผลไม้','507','2024-09-10 14:20:36.686'),(107,5,'หมูทอด','ข้าวจ้าว','ข้าวเหนียว','เมนูน้ำ','ขนมชั้น','ผลไม้','652','2024-09-10 14:20:46.871'),(108,5,'เมนูอาหาร','ข้าวจ้าว','ข้าวเหนียว','เมนูน้ำ','ขนมต้ม','ผลไม้','90','2024-09-10 14:20:52.779'),(109,5,'เมนูอาหาร','ข้าวจ้าว','ข้าวเหนียว','เมนูน้ำ','ขนมต้ม','ชมพู่','111','2024-09-10 14:21:00.108'),(110,5,'เมนูอาหาร','ข้าวจ้าว 3 กำมือ','ข้าวเหนียว','เมนูน้ำ','ขนมต้ม','ชมพู่','111','2024-09-10 14:21:05.445'),(111,1,'กุ้งทอด','ข้าวจ้าว','ข้าวเหนียว','เมนูน้ำ','ขนมชั้น','ผลไม้','468','2024-09-10 14:21:18.359'),(112,1,'เมนูอาหาร','ข้าวจ้าว','ข้าวเหนียว','เมนูน้ำ','ขนมชั้น','ผลไม้','247','2024-09-10 14:21:25.136'),(113,1,'เมนูอาหาร','ข้าวจ้าว','ข้าวเหนียว','เมนูน้ำ','ขนมชั้น','ผลไม้','247','2024-09-10 14:21:27.606'),(114,1,'เมนูอาหาร','ข้าวจ้าว','ข้าวเหนียว','เมนูน้ำ','ขนมชั้น','ผลไม้','247','2024-09-10 14:21:31.458'),(115,5,'เนื้อทอด','ข้าวจ้าว','ข้าวเหนียว','เมนูน้ำ','ขนมชั้น','ผลไม้','659','2024-09-10 14:21:32.454'),(116,5,'เนื้อทอด','ข้าวจ้าว','ข้าวเหนียว','เมนูน้ำ','ขนมเปียกปูน','ผลไม้','584','2024-09-10 14:21:43.067'),(117,5,'เนื้อทอด','ข้าวจ้าว','ข้าวเหนียว','เมนูน้ำ','ขนมเปียกปูน','ฝรั่ง','704','2024-09-10 14:21:49.238'),(118,1,'กุ้งทอด','ข้าวจ้าว','ข้าวเหนียว','เมนูน้ำ','ขนมชั้น','ผลไม้','468','2024-09-10 14:23:02.867'),(119,1,'ปลาหมึกเค็มทอด','ข้าวจ้าว','ข้าวเหนียว','เมนูน้ำ','ขนมชั้น','ผลไม้','422','2024-09-10 14:23:40.739'),(120,1,'ปลาหมึกเค็มทอด','ข้าวจ้าว','ข้าวเหนียว','สปอนเซอร์','ขนมชั้น','ผลไม้','562','2024-09-10 14:23:46.372'),(121,1,'ปลาหมึกเค็มทอด','ข้าวจ้าว','ข้าวเหนียว','สปอนเซอร์','ขนมชั้น','เเอปเปิ้ล','662','2024-09-10 14:23:50.742'),(122,1,'ปลาหมึกเค็มทอด','ข้าวจ้าว','ข้าวเหนียว','สปอนเซอร์','ขนมชั้น','เเอปเปิ้ล','662','2024-09-10 14:23:53.225'),(123,1,'ปลาหมึกเค็มทอด','ข้าวจ้าว','ข้าวเหนียว','สปอนเซอร์','ขนมชั้น','เเอปเปิ้ล','662','2024-09-10 14:23:56.210'),(124,1,'ปลาหมึกเค็มทอด','ข้าวจ้าว','ข้าวเหนียว','สปอนเซอร์','ขนมชั้น','เเอปเปิ้ล','662','2024-09-10 14:23:58.522'),(125,1,'เมนูอาหาร','ข้าวจ้าว','ข้าวเหนียว','เมนูน้ำ','ขนมชั้น','ผลไม้','247','2024-09-10 14:24:04.983'),(126,1,'เมนูอาหาร','ข้าวจ้าว','ข้าวเหนียว','เมนูน้ำ','ขนมชั้น','ผลไม้','247','2024-09-10 14:26:01.629'),(127,1,'เมนูอาหาร','ข้าวจ้าว','ข้าวเหนียว','เมนูน้ำ','ขนมชั้น','ผลไม้','247','2024-09-10 14:26:01.632'),(128,1,'เมนูอาหาร','ข้าวจ้าว','ข้าวเหนียว','เมนูน้ำ','ขนมชั้น','ผลไม้','247','2024-09-10 14:26:02.391'),(129,1,'เมนูอาหาร','ข้าวจ้าว','ข้าวเหนียว','เมนูน้ำ','ขนมชั้น','ผลไม้','247','2024-09-10 14:26:02.691'),(130,1,'เมนูอาหาร','ข้าวจ้าว','ข้าวเหนียว','เมนูน้ำ','ขนมชั้น','ผลไม้','247','2024-09-10 14:26:03.005'),(131,1,'เมนูอาหาร','ข้าวจ้าว','ข้าวเหนียว','เมนูน้ำ','ขนมชั้น','ผลไม้','247','2024-09-10 14:26:03.323'),(132,1,'เมนูอาหาร','ข้าวจ้าว','ข้าวเหนียว','เมนูน้ำ','ขนมชั้น','ผลไม้','247','2024-09-10 14:26:03.657'),(133,1,'เมนูอาหาร','ข้าวจ้าว','ข้าวเหนียว','เมนูน้ำ','ขนมชั้น','ผลไม้','247','2024-09-10 14:26:04.408'),(134,1,'เมนูอาหาร','ข้าวจ้าว','ข้าวเหนียว','เมนูน้ำ','ขนมชั้น','ผลไม้','247','2024-09-10 14:26:04.706'),(135,1,'เมนูอาหาร','ข้าวจ้าว','ข้าวเหนียว','เมนูน้ำ','ขนมชั้น','ผลไม้','247','2024-09-11 01:15:32.412'),(136,1,'เมนูอาหาร','ข้าวจ้าว','ข้าวเหนียว','เมนูน้ำ','ขนมใส่ไส้','ผลไม้','135','2024-09-11 01:15:47.192'),(137,1,'เมนูอาหาร','ข้าวจ้าว','ข้าวเหนียว','เมนูน้ำ','ขนมไทย','ผลไม้','0','2024-09-11 01:22:55.742'),(138,1,'เมนูอาหาร','ข้าวจ้าว','ข้าวเหนียว','เมนูน้ำ','ขนมไทย','ผลไม้','0','2024-09-11 01:22:56.251'),(139,1,'เมนูอาหาร','ข้าวจ้าว','ข้าวเหนียว','เมนูน้ำ','ขนมไทย','ผลไม้','0','2024-09-11 01:22:57.096'),(140,1,'เมนูอาหาร','ข้าวจ้าว','ข้าวเหนียว','เมนูน้ำ','ขนมไทย','ผลไม้','0','2024-09-11 01:22:57.652'),(141,1,'เมนูอาหาร','ข้าวจ้าว','ข้าวเหนียว','เมนูน้ำ','ขนมไทย','ผลไม้','0','2024-09-11 01:22:58.051'),(142,1,'เมนูอาหาร','ข้าวจ้าว','ข้าวเหนียว','เมนูน้ำ','ขนมไทย','ผลไม้','0','2024-09-11 01:22:58.607'),(143,1,'เมนูอาหาร','ข้าวจ้าว','ข้าวเหนียว','เมนูน้ำ','ขนมไทย','ผลไม้','0','2024-09-11 01:22:59.411'),(144,1,'เมนูอาหาร','ข้าวจ้าว','ข้าวเหนียว','เมนูน้ำ','ขนมไทย','ผลไม้','0','2024-09-11 01:23:16.843'),(145,1,'เมนูอาหาร','ข้าวจ้าว','ข้าวเหนียว','เมนูน้ำ','ขนมไทย','ผลไม้','0','2024-09-11 01:23:19.437'),(146,1,'เมนูอาหาร','ข้าวจ้าว','ข้าวเหนียว','เมนูน้ำ','ขนมไทย','ผลไม้','0','2024-09-11 01:23:21.513'),(147,1,'เมนูอาหาร','ข้าวจ้าว','ข้าวเหนียว','เมนูน้ำ','ขนมไทย','ผลไม้','0','2024-09-11 01:23:23.233'),(148,1,'เนื้อทอด','ข้าวจ้าว 3 กำมือ','ข้าวเหนียว 3 กำมือ','นมถั่วเหลือง','บัวลอยไข่หวาน','มันแกว','1132','2024-09-11 01:23:38.853'),(149,1,'เนื้อทอด','ข้าวจ้าว 3 กำมือ','ข้าวเหนียว 3 กำมือ','นมถั่วเหลือง','บัวลอยไข่หวาน','มันแกว','1132','2024-09-11 01:23:43.396'),(150,1,'เนื้อทอด','ข้าวจ้าว 3 กำมือ','ข้าวเหนียว 3 กำมือ','นมถั่วเหลือง','บัวลอยไข่หวาน','มันแกว','1132','2024-09-11 01:23:44.057'),(151,1,'เนื้อทอด','ข้าวจ้าว 3 กำมือ','ข้าวเหนียว 3 กำมือ','นมถั่วเหลือง','บัวลอยไข่หวาน','มันแกว','1132','2024-09-11 01:23:44.591'),(152,1,'เนื้อทอด','ข้าวจ้าว 3 กำมือ','ข้าวเหนียว 3 กำมือ','นมถั่วเหลือง','บัวลอยไข่หวาน','มันแกว','1132','2024-09-11 01:23:44.982'),(153,1,'เมนูอาหาร','ข้าวจ้าว','ข้าวเหนียว','เมนูน้ำ','ขนมไทย','ผลไม้','0','2024-09-11 01:28:38.473'),(154,1,'ปลาหมึกเค็มทอด','ข้าวจ้าว','ข้าวเหนียว','เมนูน้ำ','ขนมไทย','ผลไม้','175','2024-09-11 01:28:43.728'),(155,1,'ปลาหมึกเค็มทอด','ข้าวจ้าว','ข้าวเหนียว','เมนูน้ำ','ขนมไทย','ผลไม้','175','2024-09-11 01:28:44.468'),(156,1,'ปลาหมึกเค็มทอด','ข้าวจ้าว','ข้าวเหนียว','เมนูน้ำ','ขนมไทย','ผลไม้','175','2024-09-11 01:28:44.919'),(157,1,'ปลาหมึกเค็มทอด','ข้าวจ้าว 3 กำมือ','ข้าวเหนียว 3 กำมือ','สปอนเซอร์','ฟักทองแกงบวช','องุ่น','615','2024-09-11 01:28:54.458'),(158,1,'ปลาหมึกเค็มทอด','ข้าวจ้าว 3 กำมือ','ข้าวเหนียว 3 กำมือ','สปอนเซอร์','ฟักทองแกงบวช','องุ่น','615','2024-09-11 01:28:55.992'),(159,1,'ปลาหมึกเค็มทอด','ข้าวจ้าว 3 กำมือ','ข้าวเหนียว 3 กำมือ','สปอนเซอร์','ฟักทองแกงบวช','องุ่น','615','2024-09-11 01:28:56.453'),(160,1,'ปลาหมึกเค็มทอด','ข้าวจ้าว 3 กำมือ','ข้าวเหนียว 3 กำมือ','สปอนเซอร์','ฟักทองแกงบวช','องุ่น','615','2024-09-11 01:28:56.871'),(161,1,'ปลาหมึกเค็มทอด','ข้าวจ้าว 3 กำมือ','ข้าวเหนียว 3 กำมือ','สปอนเซอร์','ฟักทองแกงบวช','องุ่น','615','2024-09-11 01:28:57.324'),(162,1,'ปลาหมึกเค็มทอด','ข้าวจ้าว 3 กำมือ','ข้าวเหนียว 3 กำมือ','สปอนเซอร์','ฟักทองแกงบวช','องุ่น','615','2024-09-11 01:28:57.839'),(163,1,'เมนูอาหาร','ข้าวจ้าว','ข้าวเหนียว','เมนูน้ำ','ขนมไทย','ผลไม้','0','2024-09-11 01:29:34.417'),(164,1,'เมนูอาหาร','ข้าวจ้าว','ข้าวเหนียว','เมนูน้ำ','ขนมไทย','ผลไม้','0','2024-09-11 01:29:34.464'),(165,1,'เมนูอาหาร','ข้าวจ้าว','ข้าวเหนียว','เมนูน้ำ','ขนมไทย','ผลไม้','0','2024-09-11 01:29:34.654'),(166,1,'เมนูอาหาร','ข้าวจ้าว','ข้าวเหนียว','เมนูน้ำ','ขนมไทย','ผลไม้','0','2024-09-11 01:30:01.325'),(167,1,'เมนูอาหาร','ข้าวจ้าว','ข้าวเหนียว','เมนูน้ำ','ขนมไทย','ผลไม้','0','2024-09-11 01:30:19.076'),(168,1,'เมนูอาหาร','ข้าวจ้าว','ข้าวเหนียว','เมนูน้ำ','ขนมไทย','ผลไม้','0','2024-09-11 01:30:21.673'),(169,1,'เมนูอาหาร','ข้าวจ้าว','ข้าวเหนียว','เมนูน้ำ','ขนมไทย','ผลไม้','0','2024-09-11 01:31:34.292'),(170,1,'เมนูอาหาร','ข้าวจ้าว','ข้าวเหนียว','เมนูน้ำ','ขนมไทย','ผลไม้','0','2024-09-11 01:31:36.689'),(171,1,'เมนูอาหาร','ข้าวจ้าว','ข้าวเหนียว','เมนูน้ำ','ขนมไทย','ผลไม้','0','2024-09-12 12:38:26.347'),(172,1,'แกงเทโพ','ข้าวจ้าว','ข้าวเหนียว','เมนูน้ำ','ขนมไทย','ผลไม้','300','2024-09-12 12:38:41.730'),(173,1,'เมนูอาหาร','ข้าวจ้าว','ข้าวเหนียว','เมนูน้ำ','ขนมไทย','ผลไม้','0','2024-09-12 12:38:46.297'),(174,1,'เมนูอาหาร','ข้าวจ้าว','ข้าวเหนียว','เมนูน้ำ','ขนมไทย','ผลไม้','0','2024-09-12 12:38:48.555'),(175,6,'เมนูอาหาร','ข้าวจ้าว 2 กำมือ','ข้าวเหนียว','เมนูน้ำ','ทองหยิบ','สับปะรด','650','2024-09-13 02:26:55.908'),(176,9,'เมนูอาหาร','ข้าวจ้าว','ข้าวเหนียว','เมนูน้ำ','ทองหยอด','ผลไม้','299','2024-09-13 02:51:53.877'),(177,9,'แกงมะละกอใส่ปลาดุก','ข้าวจ้าว 3 กำมือ','ข้าวเหนียว','น้ำผลไม้','ขนมไทย','ผลไม้','260','2024-09-13 03:06:57.341'),(178,6,'หมูทอด','ข้าวจ้าว','ข้าวเหนียว 2 กำมือ','น้ำผลไม้','ขนมไทย','สับปะรด','615','2024-09-13 03:42:11.277'),(179,6,'หมูทอด','ข้าวจ้าว','ข้าวเหนียว 2 กำมือ','น้ำผลไม้','ขนมไทย','สับปะรด','615','2024-09-13 03:42:16.877'),(180,6,'เมนูอาหาร','ข้าวจ้าว','ข้าวเหนียว','เมนูน้ำ','ขนมไทย','ผลไม้','0','2024-09-13 03:42:26.293'),(181,7,'หมูทอด','ข้าวจ้าว 2 กำมือ','ข้าวเหนียว','เมนูน้ำ','ขนมไทย','ผลไม้','405','2024-09-13 05:12:28.819'),(182,7,'หมูทอด','ข้าวจ้าว 2 กำมือ','ข้าวเหนียว','เมนูน้ำ','ขนมไทย','แคนตาลูป','435','2024-09-13 05:12:33.745'),(183,7,'กุ้งทอด','ข้าวจ้าว 2 กำมือ','ข้าวเหนียว','เมนูน้ำ','ขนมไทย','แคนตาลูป','251','2024-09-13 05:12:39.066'),(184,7,'กุ้งทอด','ข้าวจ้าว 2 กำมือ','ข้าวเหนียว','เมนูน้ำ','ขนมต้ม','แคนตาลูป','341','2024-09-13 05:12:45.050'),(185,7,'เมนูอาหาร','ข้าวจ้าว','ข้าวเหนียว','น้ำอัดลม','ขนมไทย','ผลไม้','360','2024-09-13 05:12:57.687'),(186,7,'เมนูอาหาร','ข้าวจ้าว','ข้าวเหนียว','เมนูน้ำ','ขนมไทย','มันแกว','40','2024-09-14 09:04:41.701'),(187,7,'เมนูอาหาร','ข้าวจ้าว','ข้าวเหนียว','เมนูน้ำ','ขนมไทย','มันแกว','40','2024-09-14 09:04:45.029'),(188,7,'เมนูอาหาร','ข้าวจ้าว','ข้าวเหนียว','เมนูน้ำ','ขนมไทย','กล้วย','120','2024-09-14 09:04:52.210'),(189,7,'เนื้อทอด','ข้าวจ้าว 2 กำมือ','ข้าวเหนียว','โอเลี้ยง','ทองหยิบ','ส้มเขียวหวาน','1082','2024-09-14 09:05:22.283'),(190,8,'ไข่ต้ม','ข้าวจ้าว 2 กำมือ','ข้าวเหนียว','เมนูน้ำ','ขนมไทย','องุ่น','195','2024-09-16 00:55:04.905'),(191,8,'ผัดผักรวม','ข้าวจ้าว 2 กำมือ','ข้าวเหนียว','เมนูน้ำ','ขนมไทย','ผลไม้','250','2024-09-16 08:36:03.914'),(192,8,'แกงเขียวหวาน','ข้าวจ้าว 2 กำมือ','ข้าวเหนียว','เมนูน้ำ','ขนมไทย','มันแกว','280','2024-09-20 02:10:11.520'),(193,9,'ไก่ทอด','ข้าวจ้าว','ข้าวเหนียว 3 กำมือ','โอเลี้ยง','ฝอยทอง','กล้วย','848','2024-09-20 02:24:39.933'),(194,6,'ไก่ทอด','ข้าวจ้าว','ข้าวเหนียว 2 กำมือ','น้ำอัดลม','ขนมชั้น','เเอปเปิ้ล','952','2024-09-20 02:45:39.760'),(195,11,'ไก่ทอด','ข้าวจ้าว','ข้าวเหนียว 2 กำมือ','M-150','ทองหยิบ','กล้วย','955','2024-09-20 02:56:19.928'),(196,11,'ไก่ทอด','ข้าวจ้าว','ข้าวเหนียว 5 กำมือ','M-150','ทองหยิบ','กล้วย','955','2024-09-20 02:56:33.545'),(197,11,'ไก่ทอด','ข้าวจ้าว 5 กำมือ','ข้าวเหนียว 5 กำมือ','M-150','ทองหยิบ','กล้วย','955','2024-09-20 02:58:45.314'),(198,11,'ไก่ทอด','ข้าวจ้าว','ข้าวเหนียว 5 กำมือ','M-150','ทองหยิบ','กล้วย','955','2024-09-20 02:59:19.705'),(199,11,'แกงพะแนง','ข้าวจ้าว','ข้าวเหนียว 5 กำมือ','M-150','ทองหยิบ','กล้วย','868','2024-09-20 02:59:35.881'),(200,11,'ผัดเปรี้ยวหวาน','ข้าวจ้าว','ข้าวเหนียว','เมนูน้ำ','ขนมไทย','ผลไม้','215','2024-09-20 02:59:54.043'),(201,11,'ผัดเปรี้ยวหวาน','ข้าวจ้าว','ข้าวเหนียว','เมนูน้ำ','ขนมไทย','ผลไม้','215','2024-09-20 03:00:02.400'),(202,11,'ผัดเปรี้ยวหวาน','ข้าวจ้าว 2 กำมือ','ข้าวเหนียว','เมนูน้ำ','ขนมไทย','ผลไม้','215','2024-09-20 03:00:25.407'),(203,11,'กุ้งทอด','ข้าวจ้าว 5 กำมือ','ข้าวเหนียว','นมถั่วเหลือง','บัวลอยไข่หวาน','ฝรั่ง','1021','2024-09-20 03:06:13.525'),(204,11,'เมนูอาหาร','ข้าวจ้าว','ข้าวเหนียว','เมนูน้ำ','ขนมไทย','ผลไม้','0','2024-09-20 03:09:48.049'),(205,11,'เมนูอาหาร','ข้าวจ้าว','ข้าวเหนียว','เมนูน้ำ','ขนมไทย','ผลไม้','0','2024-09-20 03:09:49.662'),(206,11,'เมนูอาหาร','ข้าวจ้าว','ข้าวเหนียว','เมนูน้ำ','ขนมไทย','ผลไม้','0','2024-09-20 03:09:50.737'),(207,11,'เมนูอาหาร','ข้าวจ้าว','ข้าวเหนียว','เมนูน้ำ','ขนมไทย','ผลไม้','0','2024-09-20 03:09:51.780'),(208,11,'เมนูอาหาร','ข้าวจ้าว','ข้าวเหนียว','เมนูน้ำ','ขนมไทย','ผลไม้','0','2024-09-20 03:09:52.840'),(209,11,'เมนูอาหาร','ข้าวจ้าว','ข้าวเหนียว','เมนูน้ำ','ขนมไทย','ผลไม้','0','2024-09-20 03:09:53.698'),(210,11,'ไก่ทอด','ข้าวจ้าว 2 กำมือ','ข้าวเหนียว','เมนูน้ำ','ขนมไทย','ผลไม้','245','2024-09-20 03:10:05.665'),(211,11,'ไก่ทอด','ข้าวจ้าว 2 กำมือ','ข้าวเหนียว','เมนูน้ำ','ขนมไทย','ผลไม้','245','2024-09-20 03:10:11.085'),(212,11,'ไก่ทอด','ข้าวจ้าว 2 กำมือ','ข้าวเหนียว','เมนูน้ำ','ขนมไทย','ผลไม้','245','2024-09-20 03:10:58.800'),(213,11,'ไก่ทอด','ข้าวจ้าว 2 กำมือ','ข้าวเหนียว','เมนูน้ำ','ขนมไทย','ผลไม้','245','2024-09-20 03:11:00.746'),(214,11,'เมนูอาหาร','ข้าวจ้าว','ข้าวเหนียว','เมนูน้ำ','ขนมไทย','ผลไม้','0','2024-09-20 03:11:12.705'),(215,11,'เมนูอาหาร','ข้าวจ้าว','ข้าวเหนียว','เมนูน้ำ','ขนมไทย','ผลไม้','0','2024-09-20 03:11:13.047'),(216,11,'เมนูอาหาร','ข้าวจ้าว','ข้าวเหนียว','เมนูน้ำ','ขนมไทย','ผลไม้','0','2024-09-20 03:11:13.216'),(217,11,'เมนูอาหาร','ข้าวจ้าว','ข้าวเหนียว','เมนูน้ำ','ขนมไทย','ผลไม้','0','2024-09-20 03:11:14.264'),(218,11,'เมนูอาหาร','ข้าวจ้าว','ข้าวเหนียว','เมนูน้ำ','ขนมไทย','ผลไม้','0','2024-09-20 03:11:16.005'),(219,11,'เมนูอาหาร','ข้าวจ้าว','ข้าวเหนียว','เมนูน้ำ','ขนมไทย','ผลไม้','0','2024-09-20 03:11:17.556'),(220,11,'เนื้อทอด','ข้าวจ้าว 2 กำมือ','ข้าวเหนียว','เมนูน้ำ','ขนมไทย','ผลไม้','412','2024-09-20 03:11:28.318'),(221,11,'เนื้อทอด','ข้าวจ้าว 2 กำมือ','ข้าวเหนียว','เมนูน้ำ','ขนมไทย','ผลไม้','412','2024-09-20 03:11:29.897'),(222,11,'เมนูอาหาร','ข้าวจ้าว','ข้าวเหนียว','เมนูน้ำ','ขนมไทย','ผลไม้','0','2024-09-20 03:11:39.045'),(223,11,'เมนูอาหาร','ข้าวจ้าว','ข้าวเหนียว','เมนูน้ำ','ขนมไทย','ผลไม้','0','2024-09-20 03:11:40.229'),(224,11,'เมนูอาหาร','ข้าวจ้าว','ข้าวเหนียว','เมนูน้ำ','ขนมไทย','ผลไม้','0','2024-09-20 03:11:41.262'),(225,12,'แกงพะแนง','ข้าวจ้าว','ข้าวเหนียว','เมนูน้ำ','ขนมไทย','ผลไม้','158','2024-09-20 03:12:43.329'),(226,12,'เมนูอาหาร','ข้าวจ้าว','ข้าวเหนียว','นมถั่วเหลือง','ขนมไทย','ผลไม้','260','2024-09-20 03:13:04.007'),(227,12,'เมนูอาหาร','ข้าวจ้าว','ข้าวเหนียว','นมถั่วเหลือง','บัวลอยไข่หวาน','ผลไม้','680','2024-09-20 03:13:09.675'),(228,12,'แกงฟักทอง','ข้าวจ้าว','ข้าวเหนียว','เมนูน้ำ','ขนมไทย','ผลไม้','250','2024-09-20 03:17:24.144'),(229,12,'แกงฟักทอง','ข้าวจ้าว','ข้าวเหนียว','เมนูน้ำ','ขนมต้ม','ผลไม้','340','2024-09-20 03:17:33.844'),(230,6,'หมูทอด','ข้าวจ้าว 2 กำมือ','ข้าวเหนียว','เมนูน้ำ','ขนมตาล','สับปะรด','587','2024-09-20 03:17:34.208'),(231,6,'เมนูอาหาร','ข้าวจ้าว','ข้าวเหนียว','เมนูน้ำ','ขนมไทย','ผลไม้','0','2024-09-20 03:17:48.635'),(232,12,'เมนูอาหาร','ข้าวจ้าว','ข้าวเหนียว','เมนูน้ำ','ขนมไทย','ฝรั่ง','120','2024-09-20 03:18:08.450'),(233,6,'เมนูอาหาร','ข้าวจ้าว','ข้าวเหนียว','เมนูน้ำ','ขนมไทย','ผลไม้','0','2024-09-20 03:18:24.270'),(234,11,'แกงพะแนง','ข้าวจ้าว','ข้าวเหนียว','เมนูน้ำ','ขนมไทย','ผลไม้','158','2024-09-20 03:26:27.951'),(235,11,'แกงพะแนง','ข้าวจ้าว','ข้าวเหนียว','เมนูน้ำ','ขนมไทย','ผลไม้','158','2024-09-20 03:26:33.283'),(236,11,'แกงพะแนง','ข้าวจ้าว','ข้าวเหนียว','เมนูน้ำ','ขนมไทย','ผลไม้','158','2024-09-20 03:26:35.020'),(237,11,'แกงพะแนง','ข้าวจ้าว','ข้าวเหนียว','เมนูน้ำ','ขนมไทย','ฝรั่ง','278','2024-09-20 03:26:41.921'),(238,12,'เมนูอาหาร','ข้าวจ้าว 2 กำมือ','ข้าวเหนียว','เมนูน้ำ','ขนมไทย','ผลไม้','0','2024-09-20 03:27:37.724'),(239,12,'เมนูอาหาร','ข้าวจ้าว 2 กำมือ','ข้าวเหนียว','เมนูน้ำ','ขนมต้ม','ผลไม้','90','2024-09-20 03:27:43.468'),(240,12,'เมนูอาหาร','ข้าวจ้าว 2 กำมือ','ข้าวเหนียว','เมนูน้ำ','ขนมต้ม','ผลไม้','90','2024-09-20 03:27:48.965'),(241,12,'เมนูอาหาร','ข้าวจ้าว','ข้าวเหนียว 3 กำมือ','เมนูน้ำ','ขนมไทย','ผลไม้','0','2024-09-20 03:37:39.032'),(242,12,'เมนูอาหาร','ข้าวจ้าว','ข้าวเหนียว 3 กำมือ','เมนูน้ำ','ขนมต้ม','ผลไม้','90','2024-09-20 03:37:45.095'),(243,12,'เมนูอาหาร','ข้าวจ้าว','ข้าวเหนียว 3 กำมือ','เมนูน้ำ','ขนมต้ม','กล้วย','210','2024-09-20 03:37:49.802'),(244,12,'กุ้งทอด','ข้าวจ้าว','ข้าวเหนียว 3 กำมือ','เมนูน้ำ','ขนมต้ม','กล้วย','431','2024-09-20 03:37:59.813'),(245,13,'ไก่ทอด','ข้าวจ้าว','ข้าวเหนียว 2 กำมือ','ชาเย็น','ขนมไทย','ผลไม้','365','2024-09-20 03:43:59.986'),(246,13,'ไก่ทอด','ข้าวจ้าว','ข้าวเหนียว 2 กำมือ','ชาเย็น','ขนมต้ม','ผลไม้','455','2024-09-20 03:44:43.223'),(247,13,'ไก่ทอด','ข้าวจ้าว','ข้าวเหนียว 2 กำมือ','ชาเย็น','ขนมต้ม','ผลไม้','455','2024-09-20 03:44:46.707'),(248,13,'ไก่ทอด','ข้าวจ้าว 5 กำมือ','ข้าวเหนียว 2 กำมือ','ชาเย็น','ขนมต้ม','มันแกว','495','2024-09-20 03:45:05.639'),(249,6,'แกงพะแนง','ข้าวจ้าว','ข้าวเหนียว','น้ำผลไม้','ขนมไทย','เเอปเปิ้ล','318','2024-09-20 07:48:38.021'),(250,6,'แกงพะแนง','ข้าวจ้าว','ข้าวเหนียว','น้ำผลไม้','ขนมไทย','เเอปเปิ้ล','318','2024-09-20 07:48:41.538'),(251,15,'เมนูอาหาร','ข้าวจ้าว 2 กำมือ','ข้าวเหนียว','เมนูน้ำ','ขนมไทย','ผลไม้','0','2024-09-20 07:55:16.298'),(252,6,'แกงส้ม','ข้าวจ้าว 2 กำมือ','ข้าวเหนียว','กาแฟ','ขนมชั้น','แก้วมังกร','578','2024-09-20 08:04:52.233'),(253,16,'แกงพะแนง','ข้าวจ้าว 2 กำมือ','ข้าวเหนียว','ชาเย็น','ขนมไทย','มังคุด','338','2024-09-20 08:25:44.464'),(254,6,'ไก่ทอด','ข้าวจ้าว 3 กำมือ','ข้าวเหนียว','เมนูน้ำ','ขนมตาล','ฝรั่ง','397','2024-09-23 09:47:45.849'),(255,17,'เมนูอาหาร','ข้าวจ้าว 2 กำมือ','ข้าวเหนียว','เมนูน้ำ','ขนมหม้อแกง','ผลไม้','244','2024-09-23 09:53:34.746'),(256,18,'เมนูอาหาร','ข้าวจ้าว 2 กำมือ','ข้าวเหนียว','เมนูน้ำ','ขนมไทย','กล้วย','120','2024-09-23 10:01:53.392'),(257,18,'เมนูอาหาร','ข้าวจ้าว 2 กำมือ','ข้าวเหนียว','เมนูน้ำ','ขนมไทย','กล้วย','120','2024-09-23 10:02:28.570'),(258,6,'ปลาทอด','ข้าวจ้าว 2 กำมือ','ข้าวเหนียว','กาแฟ','ทองหยิบ','สับปะรด','884','2024-09-23 10:02:49.462'),(259,6,'ปลาทอด','ข้าวจ้าว 2 กำมือ','ข้าวเหนียว','กาแฟ','ทองหยิบ','สับปะรด','884','2024-09-23 10:03:00.906'),(260,24,'ไก่ทอด','ข้าวจ้าว 5 กำมือ','ข้าวเหนียว','กาแฟ','ขนมต้ม','กล้วย','562','2024-09-23 10:39:41.904'),(261,26,'เมนูอาหาร','ข้าวจ้าว 2 กำมือ','ข้าวเหนียว','เมนูน้ำ','ขนมชั้น','ผลไม้','247','2024-09-23 10:42:21.775'),(262,28,'ผัดผักรวม','ข้าวจ้าว 2 กำมือ','ข้าวเหนียว','กาแฟ','ขนมไทย','ผลไม้','357','2024-09-23 10:54:47.422'),(263,29,'เมนูอาหาร','ข้าวจ้าว 2 กำมือ','ข้าวเหนียว','เมนูน้ำ','ขนมชั้น','ผลไม้','247','2024-09-23 10:57:35.091'),(264,29,'เมนูอาหาร','ข้าวจ้าว 2 กำมือ','ข้าวเหนียว 2 กำมือ','เมนูน้ำ','ขนมชั้น','ผลไม้','247','2024-09-23 10:57:58.336'),(265,30,'ไก่ทอด','ข้าวจ้าว 3 กำมือ','ข้าวเหนียว','เมนูน้ำ','ขนมไทย','แคนตาลูป','275','2024-09-23 11:03:31.708'),(266,31,'ไก่ทอด','ข้าวจ้าว 2 กำมือ','ข้าวเหนียว','น้ำผลไม้','ขนมใส่ไส้','องุ่น','560','2024-09-23 11:07:45.959'),(267,31,'ไก่ทอด','ข้าวจ้าว 2 กำมือ','ข้าวเหนียว','น้ำผลไม้','ขนมใส่ไส้','องุ่น','560','2024-09-23 11:07:51.342'),(268,27,'ไก่ทอด','ข้าวจ้าว 3 กำมือ','ข้าวเหนียว','เมนูน้ำ','ขนมไทย','ผลไม้','245','2024-09-23 11:08:40.114'),(269,27,'ไก่ทอด','ข้าวจ้าว 3 กำมือ','ข้าวเหนียว','เมนูน้ำ','ขนมไทย','ผลไม้','245','2024-09-23 11:08:50.378'),(270,32,'ผัดกระเพรา','ข้าวจ้าว 3 กำมือ','ข้าวเหนียว','เมนูน้ำ','ขนมไทย','ผลไม้','114','2024-09-23 11:12:01.474'),(271,32,'ผัดกระเพรา','ข้าวจ้าว 3 กำมือ','ข้าวเหนียว','น้ำอัดลม','ขนมไทย','องุ่น','594','2024-09-23 11:12:29.370'),(272,27,'แกงฟักทอง','ข้าวจ้าว 2 กำมือ','ข้าวเหนียว','เมนูน้ำ','ขนมไทย','ผลไม้','250','2024-09-23 11:15:06.006'),(273,10,'ไข่ตุ๋น','ข้าวจ้าว 2 กำมือ','ข้าวเหนียว','เมนูน้ำ','ขนมไทย','ผลไม้','90','2024-09-23 11:18:49.516'),(274,9,'เมนูอาหาร','ข้าวจ้าว 2 กำมือ','ข้าวเหนียว','เมนูน้ำ','ขนมไทย','ผลไม้','0','2024-09-23 15:25:04.947'),(275,9,'เนื้อทอด','ข้าวจ้าว 2 กำมือ','ข้าวเหนียว 3 กำมือ','กาแฟ','ขนมตาล','กล้วย','671','2024-09-23 15:25:22.916'),(276,32,'ไข่ตุ๋น','ข้าวจ้าว','ข้าวเหนียว','เมนูน้ำ','ขนมไทย','ผลไม้','90','2024-09-24 06:29:54.307'),(277,10,'กุ้งทอด','ข้าวจ้าว 2 กำมือ','ข้าวเหนียว 2 กำมือ','สปอนเซอร์','ขนมไทย','ผลไม้','361','2024-09-28 04:52:24.131'),(278,10,'กุ้งทอด','ข้าวจ้าว 2 กำมือ','ข้าวเหนียว 2 กำมือ','สปอนเซอร์','ขนมไทย','ผลไม้','361','2024-09-28 04:52:25.815'),(279,10,'ปลาหมึกเค็มทอด','ข้าวจ้าว','ข้าวเหนียว 2 กำมือ','เมนูน้ำ','ขนมไทย','ผลไม้','175','2024-10-14 08:53:09.245'),(280,10,'ปลาหมึกเค็มทอด','ข้าวจ้าว','ข้าวเหนียว 2 กำมือ','เมนูน้ำ','ขนมไทย','ผลไม้','175','2024-10-14 08:53:11.689'),(281,10,'ปลาหมึกเค็มทอด','ข้าวจ้าว','ข้าวเหนียว 2 กำมือ','เมนูน้ำ','ขนมไทย','ผลไม้','175','2024-10-14 08:53:14.608'),(282,10,'ปลาหมึกเค็มทอด','ข้าวจ้าว','ข้าวเหนียว 2 กำมือ','เมนูน้ำ','ขนมไทย','ผลไม้','175','2024-10-14 08:53:15.923'),(283,10,'ปลาหมึกเค็มทอด','ข้าวจ้าว','ข้าวเหนียว 2 กำมือ','เมนูน้ำ','ขนมไทย','ผลไม้','175','2024-10-14 08:53:17.087'),(284,10,'ปลาหมึกเค็มทอด','ข้าวจ้าว','ข้าวเหนียว 2 กำมือ','เมนูน้ำ','ขนมไทย','ผลไม้','175','2024-10-14 08:53:18.037'),(285,10,'ปลาหมึกเค็มทอด','ข้าวจ้าว','ข้าวเหนียว 2 กำมือ','เมนูน้ำ','ขนมไทย','ผลไม้','175','2024-10-14 08:53:18.753'),(286,10,'ปลาหมึกเค็มทอด','ข้าวจ้าว','ข้าวเหนียว 2 กำมือ','เมนูน้ำ','ขนมไทย','ผลไม้','175','2024-10-14 08:53:19.183'),(287,10,'ปลาหมึกเค็มทอด','ข้าวจ้าว','ข้าวเหนียว 2 กำมือ','เมนูน้ำ','ขนมไทย','ผลไม้','175','2024-10-14 08:53:19.636'),(288,10,'ปลาหมึกเค็มทอด','ข้าวจ้าว','ข้าวเหนียว 2 กำมือ','เมนูน้ำ','ขนมไทย','ผลไม้','175','2024-10-14 08:53:20.088'),(289,10,'ปลาหมึกเค็มทอด','ข้าวจ้าว','ข้าวเหนียว 2 กำมือ','เมนูน้ำ','ขนมไทย','ผลไม้','175','2024-10-14 08:53:20.736'),(290,10,'ปลาหมึกเค็มทอด','ข้าวจ้าว','ข้าวเหนียว 2 กำมือ','เมนูน้ำ','ขนมไทย','ผลไม้','175','2024-10-14 08:53:21.255'),(291,10,'ปลาหมึกเค็มทอด','ข้าวจ้าว','ข้าวเหนียว 2 กำมือ','เมนูน้ำ','ขนมไทย','ผลไม้','175','2024-10-14 08:53:21.314'),(292,10,'ปลาหมึกเค็มทอด','ข้าวจ้าว','ข้าวเหนียว 2 กำมือ','เมนูน้ำ','ขนมไทย','ผลไม้','175','2024-10-14 08:53:21.846'),(293,10,'ปลาหมึกเค็มทอด','ข้าวจ้าว','ข้าวเหนียว 2 กำมือ','เมนูน้ำ','ขนมไทย','ผลไม้','175','2024-10-14 08:53:22.255'),(294,10,'ปลาหมึกเค็มทอด','ข้าวจ้าว','ข้าวเหนียว 2 กำมือ','เมนูน้ำ','ขนมไทย','ผลไม้','175','2024-10-14 08:53:22.686'),(295,10,'ปลาหมึกเค็มทอด','ข้าวจ้าว','ข้าวเหนียว 2 กำมือ','เมนูน้ำ','ขนมไทย','ผลไม้','175','2024-10-14 08:53:23.166'),(296,10,'ปลาหมึกเค็มทอด','ข้าวจ้าว','ข้าวเหนียว 2 กำมือ','เมนูน้ำ','ขนมไทย','ผลไม้','175','2024-10-14 08:53:23.623'),(297,10,'ปลาหมึกเค็มทอด','ข้าวจ้าว','ข้าวเหนียว 2 กำมือ','เมนูน้ำ','ขนมไทย','ผลไม้','175','2024-10-14 08:53:24.047'),(298,10,'ปลาหมึกเค็มทอด','ข้าวจ้าว','ข้าวเหนียว 2 กำมือ','เมนูน้ำ','ขนมไทย','ผลไม้','175','2024-10-14 08:53:24.506'),(299,10,'ปลาหมึกเค็มทอด','ข้าวจ้าว','ข้าวเหนียว 2 กำมือ','เมนูน้ำ','ขนมไทย','ผลไม้','175','2024-10-14 08:53:24.935'),(300,10,'ปลาหมึกเค็มทอด','ข้าวจ้าว','ข้าวเหนียว 2 กำมือ','เมนูน้ำ','ขนมไทย','ผลไม้','175','2024-10-14 08:53:25.436'),(301,10,'ปลาหมึกเค็มทอด','ข้าวจ้าว','ข้าวเหนียว 2 กำมือ','เมนูน้ำ','ขนมไทย','ผลไม้','175','2024-10-14 08:53:25.907'),(302,10,'ปลาหมึกเค็มทอด','ข้าวจ้าว','ข้าวเหนียว 2 กำมือ','เมนูน้ำ','ขนมไทย','ผลไม้','175','2024-10-14 08:53:26.369'),(303,10,'ปลาหมึกเค็มทอด','ข้าวจ้าว','ข้าวเหนียว 2 กำมือ','เมนูน้ำ','ขนมไทย','ผลไม้','175','2024-10-14 08:53:26.847'),(304,10,'ปลาหมึกเค็มทอด','ข้าวจ้าว','ข้าวเหนียว 2 กำมือ','เมนูน้ำ','ขนมไทย','ผลไม้','175','2024-10-14 08:53:27.327'),(305,10,'ปลาหมึกเค็มทอด','ข้าวจ้าว','ข้าวเหนียว 2 กำมือ','เมนูน้ำ','ขนมไทย','ผลไม้','175','2024-10-14 08:53:27.748'),(306,10,'ปลาหมึกเค็มทอด','ข้าวจ้าว','ข้าวเหนียว 2 กำมือ','เมนูน้ำ','ขนมไทย','ผลไม้','175','2024-10-14 08:53:28.167'),(307,10,'ปลาหมึกเค็มทอด','ข้าวจ้าว','ข้าวเหนียว 2 กำมือ','เมนูน้ำ','ขนมไทย','ผลไม้','175','2024-10-14 08:53:28.567'),(308,10,'ปลาหมึกเค็มทอด','ข้าวจ้าว','ข้าวเหนียว 2 กำมือ','เมนูน้ำ','ขนมไทย','ผลไม้','175','2024-10-14 08:53:28.971'),(309,10,'ปลาหมึกเค็มทอด','ข้าวจ้าว','ข้าวเหนียว 2 กำมือ','เมนูน้ำ','ขนมไทย','ผลไม้','175','2024-10-14 08:53:29.394'),(310,10,'ปลาหมึกเค็มทอด','ข้าวจ้าว','ข้าวเหนียว 2 กำมือ','เมนูน้ำ','ขนมไทย','ผลไม้','175','2024-10-14 08:53:29.914'),(311,10,'ปลาหมึกเค็มทอด','ข้าวจ้าว','ข้าวเหนียว 2 กำมือ','เมนูน้ำ','ขนมไทย','ผลไม้','175','2024-10-14 08:53:30.366'),(312,10,'ปลาหมึกเค็มทอด','ข้าวจ้าว','ข้าวเหนียว 2 กำมือ','เมนูน้ำ','ขนมไทย','ผลไม้','175','2024-10-14 08:53:30.876'),(313,10,'ปลาหมึกเค็มทอด','ข้าวจ้าว','ข้าวเหนียว 2 กำมือ','เมนูน้ำ','ขนมไทย','ผลไม้','175','2024-10-14 08:53:31.338'),(314,10,'ปลาหมึกเค็มทอด','ข้าวจ้าว','ข้าวเหนียว 2 กำมือ','เมนูน้ำ','ขนมไทย','ผลไม้','175','2024-10-14 08:53:31.847'),(315,10,'ปลาหมึกเค็มทอด','ข้าวจ้าว','ข้าวเหนียว 2 กำมือ','เมนูน้ำ','ขนมไทย','ผลไม้','175','2024-10-14 08:53:32.236'),(316,10,'ปลาหมึกเค็มทอด','ข้าวจ้าว','ข้าวเหนียว 2 กำมือ','เมนูน้ำ','ขนมไทย','ผลไม้','175','2024-10-14 08:53:33.457'),(317,10,'ปลาหมึกเค็มทอด','ข้าวจ้าว','ข้าวเหนียว 2 กำมือ','เมนูน้ำ','ขนมไทย','ผลไม้','175','2024-10-14 08:53:35.407'),(318,10,'ปลาหมึกเค็มทอด','ข้าวจ้าว','ข้าวเหนียว 2 กำมือ','เมนูน้ำ','ขนมไทย','ผลไม้','175','2024-10-14 08:53:35.838'),(319,10,'ปลาหมึกเค็มทอด','ข้าวจ้าว','ข้าวเหนียว 2 กำมือ','เมนูน้ำ','ขนมไทย','ผลไม้','175','2024-10-14 08:53:37.749'),(320,10,'ปลาหมึกเค็มทอด','ข้าวจ้าว','ข้าวเหนียว 2 กำมือ','เมนูน้ำ','ขนมไทย','ผลไม้','175','2024-10-14 08:53:39.146'),(321,10,'ปลาหมึกเค็มทอด','ข้าวจ้าว','ข้าวเหนียว 2 กำมือ','เมนูน้ำ','ขนมไทย','ผลไม้','175','2024-10-14 08:53:39.228'),(322,10,'ปลาหมึกเค็มทอด','ข้าวจ้าว','ข้าวเหนียว 2 กำมือ','เมนูน้ำ','ขนมไทย','ผลไม้','175','2024-10-14 08:53:39.934'),(323,10,'ปลาหมึกเค็มทอด','ข้าวจ้าว','ข้าวเหนียว 2 กำมือ','เมนูน้ำ','ขนมไทย','ผลไม้','175','2024-10-14 08:53:40.496'),(324,33,'ไก่ทอด','ข้าวจ้าว 2 กำมือ','ข้าวเหนียว','นมถั่วเหลือง','ทองหยิบ','แคนตาลูป','1035','2024-10-17 08:39:39.761'),(325,1,'ปลาหมึกเค็มทอด','ข้าวจ้าว','ข้าวเหนียว','เมนูน้ำ','ขนมใส่ไส้','ผลไม้','310','2024-11-05 02:12:52.549'),(326,1,'ไก่ย่าง','ข้าวสวย','ข้าวกล้อง',NULL,'ขนมชั้น',NULL,'500','2025-01-20 19:59:17.142'),(327,1,'ไก่ย่าง','ข้าวสวย','ข้าวกล้อง',NULL,'ขนมชั้น',NULL,'500','2025-01-21 07:08:50.662'),(328,1,'ไก่ทอด','','','ชมพู่','ข้าวต้มมัด','สปอนเซอร์','589','2025-01-21 07:15:15.430'),(329,1,'ไก่ย่าง','ข้าวสวย','ข้าวกล้อง',NULL,'ขนมชั้น',NULL,'500','2025-01-21 07:55:21.300'),(330,1,'ปลาหมึกเค็มทอด','','','ชมพู่','ข้าวต้มมัด','สปอนเซอร์','519','2025-01-21 07:55:51.481'),(331,38,'ปลาหมึกเค็มทอด','','',NULL,NULL,NULL,'0','2025-02-04 19:15:52.341'),(332,38,'เนื้อทอด','','',NULL,NULL,NULL,'0','2025-02-04 19:18:59.753'),(333,38,'เนื้อทอด','','',NULL,NULL,NULL,'0','2025-02-04 19:19:01.500'),(334,38,'เนื้อทอด','','',NULL,NULL,NULL,'0','2025-02-04 19:20:46.665'),(335,38,'เนื้อทอด','','',NULL,NULL,NULL,'0','2025-02-04 19:33:56.994'),(336,39,'หมูทอด','','',NULL,NULL,NULL,'0','2025-02-06 08:41:31.784'),(337,39,'กุ้งทอด','','','แคนตาลูป','','นมถั่วเหลือง','511','2025-02-06 08:49:15.081'),(338,39,'กุ้งทอด','','','แคนตาลูป','','นมถั่วเหลือง','511','2025-02-06 08:59:25.187'),(339,39,'กุ้งทอด','','','แคนตาลูป','','นมถั่วเหลือง','511','2025-02-06 08:59:55.144'),(340,39,'กุ้งทอด','','','แคนตาลูป','','นมถั่วเหลือง','511','2025-02-06 09:00:05.045'),(341,39,'กุ้งทอด','','','แคนตาลูป','','นมถั่วเหลือง','511','2025-02-06 09:00:07.597'),(342,39,'กุ้งทอด','','','แคนตาลูป','','นมถั่วเหลือง','511','2025-02-06 09:01:20.058'),(343,39,'กุ้งทอด','','','แคนตาลูป','','นมถั่วเหลือง','511','2025-02-06 09:01:20.643'),(344,39,'กุ้งทอด','','','แคนตาลูป','','นมถั่วเหลือง','511','2025-02-06 09:01:21.182'),(345,39,'กุ้งทอด','','','แคนตาลูป','','นมถั่วเหลือง','511','2025-02-06 09:01:21.552'),(346,39,'เมนูอาหาร','','','ผลไม้','','เมนูน้ำ','0','2025-02-06 09:06:44.153'),(347,39,'แกงเทโพ','','','ผลไม้','','เมนูน้ำ','300','2025-02-06 09:06:49.152'),(348,39,'แกงเทโพ','','','ผลไม้','','เมนูน้ำ','300','2025-02-06 09:06:55.785'),(349,39,'แกงเทโพ','','','ผลไม้','','เมนูน้ำ','300','2025-02-06 09:07:24.532'),(350,39,'แกงเทโพ','','','ผลไม้','','เมนูน้ำ','300','2025-02-06 09:08:16.081'),(351,39,'แกงเทโพ','','','ผลไม้','','เมนูน้ำ','300','2025-02-06 09:08:22.948'),(352,39,'เมนูอาหาร','','','ผลไม้','','เมนูน้ำ','0','2025-02-06 09:10:54.533'),(353,39,'เมนูอาหาร','','','ผลไม้','','เมนูน้ำ','0','2025-02-06 09:11:19.412'),(354,39,'เมนูอาหาร','','','ผลไม้','','เมนูน้ำ','0','2025-02-06 09:11:23.909'),(355,39,'เมนูอาหาร','','','ผลไม้','','เมนูน้ำ','0','2025-02-06 09:11:30.877'),(356,39,'เมนูอาหาร','','','ผลไม้','','เมนูน้ำ','0','2025-02-06 09:12:05.731'),(357,39,'เมนูอาหาร','','','ผลไม้','','เมนูน้ำ','0','2025-02-06 09:12:06.692'),(358,39,'เมนูอาหาร','','','ผลไม้','','เมนูน้ำ','0','2025-02-06 09:12:08.295'),(359,39,'เมนูอาหาร','','','ผลไม้','','เมนูน้ำ','0','2025-02-06 09:12:09.287'),(360,39,'เมนูอาหาร','','','ผลไม้','','เมนูน้ำ','0','2025-02-06 09:12:09.481'),(361,39,'เมนูอาหาร','','','ผลไม้','','เมนูน้ำ','0','2025-02-06 09:12:09.787'),(362,39,'เมนูอาหาร','','','ผลไม้','','เมนูน้ำ','0','2025-02-06 09:12:12.074'),(363,39,'เมนูอาหาร','','','ผลไม้','','เมนูน้ำ','0','2025-02-06 09:12:12.276'),(364,39,'เมนูอาหาร','','','ผลไม้','','เมนูน้ำ','0','2025-02-06 09:12:15.789'),(365,39,'แกงเขียวหวาน','','','ผลไม้','','เมนูน้ำ','240','2025-02-06 09:13:41.189'),(366,39,'แกงเขียวหวาน','','','ผลไม้','','เมนูน้ำ','240','2025-02-06 09:13:50.215'),(367,39,'แกงเขียวหวาน','','','ผลไม้','','เมนูน้ำ','240','2025-02-06 09:13:53.881'),(368,39,'แกงเขียวหวาน','','','ผลไม้','','เมนูน้ำ','240','2025-02-06 09:13:54.647'),(369,39,'แกงเขียวหวาน','','','ผลไม้','','เมนูน้ำ','240','2025-02-06 09:13:55.471'),(370,39,'แกงเขียวหวาน','','','ผลไม้','','เมนูน้ำ','240','2025-02-06 09:13:56.641'),(371,39,'แกงเขียวหวาน','','','ผลไม้','','เมนูน้ำ','240','2025-02-06 09:14:00.045'),(372,39,'แกงน้ำยากะทิ','','','เเอปเปิ้ล','','กาแฟ','487','2025-02-06 09:18:35.423'),(373,39,'แกงน้ำยากะทิ','','','เเอปเปิ้ล','','กาแฟ','487','2025-02-06 09:18:35.440'),(374,39,'แกงน้ำยากะทิ','','','เเอปเปิ้ล','','กาแฟ','487','2025-02-06 09:18:35.644'),(375,39,'แกงน้ำยากะทิ','','','เเอปเปิ้ล','','กาแฟ','487','2025-02-06 09:18:35.666'),(376,39,'แกงน้ำยากะทิ','','','เเอปเปิ้ล','','กาแฟ','487','2025-02-06 09:18:35.856'),(377,39,'แกงน้ำยากะทิ','','','เเอปเปิ้ล','','กาแฟ','487','2025-02-06 09:18:35.977'),(378,39,'แกงน้ำยากะทิ','','','เเอปเปิ้ล','','กาแฟ','487','2025-02-06 09:18:36.125'),(379,39,'แกงน้ำยากะทิ','','','เเอปเปิ้ล','','กาแฟ','487','2025-02-06 09:18:36.284'),(380,39,'แกงน้ำยากะทิ','','','เเอปเปิ้ล','','กาแฟ','487','2025-02-06 09:18:37.155'),(381,39,'แกงน้ำยากะทิ','','','เเอปเปิ้ล','','กาแฟ','487','2025-02-06 09:18:37.309'),(382,39,'แกงน้ำยากะทิ','','','เเอปเปิ้ล','','กาแฟ','487','2025-02-06 09:18:37.497'),(383,39,'แกงน้ำยากะทิ','','','เเอปเปิ้ล','','กาแฟ','487','2025-02-06 09:18:37.541'),(384,39,'แกงฟักทอง','','','ผลไม้','','เมนูน้ำ','250','2025-02-06 15:03:52.672'),(385,39,'แกงฟักทอง','','','ผลไม้','','เมนูน้ำ','250','2025-02-06 15:03:53.945'),(386,39,'เมนูอาหาร','','','ฝรั่ง','','เมนูน้ำ','120','2025-02-06 16:33:14.984'),(387,39,'เมนูอาหาร','','','ฝรั่ง','','เมนูน้ำ','120','2025-02-06 16:33:15.177'),(388,39,'เมนูอาหาร','','','ฝรั่ง','','เมนูน้ำ','120','2025-02-06 16:33:15.299'),(389,39,'เมนูอาหาร','','','ฝรั่ง','','เมนูน้ำ','120','2025-02-06 16:33:15.661'),(390,39,'กุ้งทอด','','','ผลไม้','','เมนูน้ำ','221','2025-02-07 05:06:40.576'),(391,39,'เมนูอาหาร','','','แคนตาลูป','','เมนูน้ำ','30','2025-02-07 05:07:24.239');
/*!40000 ALTER TABLE `eat` ENABLE KEYS */;

--
-- Table structure for table `meditate`
--

DROP TABLE IF EXISTS `meditate`;
/*!40101 SET @saved_cs_client     = @@character_set_client */;
/*!50503 SET character_set_client = utf8mb4 */;
CREATE TABLE `meditate` (
  `id` int NOT NULL AUTO_INCREMENT,
  `userid` int NOT NULL,
  `type` int NOT NULL,
  `timeh` varchar(191) COLLATE utf8mb4_unicode_ci NOT NULL,
  `timem` varchar(191) COLLATE utf8mb4_unicode_ci NOT NULL,
  PRIMARY KEY (`id`)
) ENGINE=InnoDB AUTO_INCREMENT=52 DEFAULT CHARSET=utf8mb4 COLLATE=utf8mb4_unicode_ci;
/*!40101 SET character_set_client = @saved_cs_client */;

--
-- Dumping data for table `meditate`
--

/*!40000 ALTER TABLE `meditate` DISABLE KEYS */;
INSERT INTO `meditate` VALUES (1,2,0,'0','0'),(2,2,0,'2','140'),(3,2,0,'1','72'),(4,2,1,'0','1'),(5,2,0,'0','0'),(6,2,0,'0','0'),(7,2,1,'0','1'),(8,2,0,'1','89'),(9,2,1,'0','0'),(10,8,0,'0','0'),(11,8,0,'0','0'),(12,8,0,'0','0'),(13,8,0,'0','0'),(14,4,0,'0','0'),(15,9,0,'0','0'),(16,9,1,'0','0'),(17,1,0,'0','0'),(18,9,1,'0','1'),(19,8,0,'0','7'),(20,8,0,'0','0'),(21,8,0,'0','0'),(22,8,0,'0','0'),(23,8,0,'0','0'),(24,9,0,'0','0'),(25,11,0,'0','1'),(26,6,0,'0','1'),(27,12,0,'0','1'),(28,12,1,'0','1'),(29,13,0,'0','1'),(30,13,1,'0','0'),(31,13,1,'0','1'),(32,6,0,'0','0'),(33,6,0,'0','0'),(34,24,0,'0','0'),(35,26,0,'0','0'),(36,28,1,'0','0'),(37,29,1,'0','0'),(38,31,1,'0','0'),(39,32,0,'0','0'),(40,20,0,'0','0'),(41,30,1,'4','297'),(42,14,0,'0','1'),(43,1,10,'08','30'),(44,1,10,'08','30'),(45,1,10,'08','30'),(46,40,0,'0','0'),(47,40,3,'0','0'),(48,39,0,'0','0'),(49,39,3,'0','0'),(50,39,3,'0','0'),(51,39,3,'0','0');
/*!40000 ALTER TABLE `meditate` ENABLE KEYS */;

--
-- Table structure for table `menu`
--

DROP TABLE IF EXISTS `menu`;
/*!40101 SET @saved_cs_client     = @@character_set_client */;
/*!50503 SET character_set_client = utf8mb4 */;
CREATE TABLE `menu` (
  `id` int NOT NULL AUTO_INCREMENT,
  `name` varchar(191) COLLATE utf8mb4_unicode_ci NOT NULL,
  PRIMARY KEY (`id`)
) ENGINE=InnoDB AUTO_INCREMENT=5 DEFAULT CHARSET=utf8mb4 COLLATE=utf8mb4_unicode_ci;
/*!40101 SET character_set_client = @saved_cs_client */;

--
-- Dumping data for table `menu`
--

/*!40000 ALTER TABLE `menu` DISABLE KEYS */;
INSERT INTO `menu` VALUES (1,'อาหาร'),(2,'เมนูน้ำ'),(3,'ขนมไทย'),(4,'ผลไม้');
/*!40000 ALTER TABLE `menu` ENABLE KEYS */;

--
-- Table structure for table `menudata`
--

DROP TABLE IF EXISTS `menudata`;
/*!40101 SET @saved_cs_client     = @@character_set_client */;
/*!50503 SET character_set_client = utf8mb4 */;
CREATE TABLE `menudata` (
  `id` int NOT NULL AUTO_INCREMENT,
  `menuid` int NOT NULL,
  `name` varchar(191) COLLATE utf8mb4_unicode_ci NOT NULL,
  `Kcal` int NOT NULL,
  PRIMARY KEY (`id`),
  KEY `menudata_menuid_fkey` (`menuid`),
  CONSTRAINT `menudata_menuid_fkey` FOREIGN KEY (`menuid`) REFERENCES `menu` (`id`) ON DELETE RESTRICT ON UPDATE CASCADE
) ENGINE=InnoDB AUTO_INCREMENT=81 DEFAULT CHARSET=utf8mb4 COLLATE=utf8mb4_unicode_ci;
/*!40101 SET character_set_client = @saved_cs_client */;

--
-- Dumping data for table `menudata`
--

/*!40000 ALTER TABLE `menudata` DISABLE KEYS */;
INSERT INTO `menudata` VALUES (1,1,'เมนูอาหาร',0),(3,1,'ปลาทอด',127),(4,1,'หมูทอด',405),(5,1,'เนื้อทอด',412),(6,1,'ปลาหมึกเค็มทอด',175),(7,1,'กุ้งทอด',221),(8,1,'ผัดหมี่สีชมพู',260),(9,1,'แกงเขียวหวาน',240),(10,1,'แกงเทโพ',300),(11,1,'ต้มข่าไก่',220),(12,1,'แกงพะแนง',158),(13,1,'แกงฟักทอง',250),(14,1,'แกงกะทิ',250),(15,1,'แกงน้ำยากะทิ',280),(16,1,'แกงขี้เหล็ก',182),(17,1,'แกงส้ม',124),(18,1,'แกงอ่อม',220),(19,1,'แกงแคไก่',180),(20,1,'แกงผักกาดใส่ไก่บ้าน',180),(21,1,'แกงมะละกอใส่ปลาดุก',200),(22,1,'ต้มจืดหมู',120),(23,1,'ต้มจืดมะระ',90),(24,1,'ต้มเลือดหมู',120),(25,1,'ไข่ดาว',210),(26,1,'ไข่ต้ม',75),(27,1,'ไข่ตุ๋น',90),(28,1,'ไข่น้ำ',150),(29,1,'ไข่เจียว',250),(30,1,'ยำไข่ต้ม',160),(31,1,'ยำไข่ดาว',200),(32,1,'ไข่ลูกเขย',97),(33,2,'เมนูน้ำ',0),(34,2,'น้ำผลไม้',60),(35,2,'น้ำอัดลม',360),(36,2,'นมถั่วเหลือง',260),(37,2,'สปอนเซอร์',140),(38,2,'M-150',90),(39,2,'กาแฟ',107),(40,2,'โอเลี้ยง',50),(41,2,'ชาเย็น',120),(42,3,'ขนมไทย',0),(43,3,'ขนมหม้อแกง',244),(44,3,'ทองหยิบ',500),(45,3,'ทองหยอด',299),(46,3,'ฝอยทอง',433),(47,3,'ขนมชั้น',247),(48,3,'ขนมเปียกปูน',172),(49,3,'ขนมต้ม',90),(50,3,'ขนมตาล',32),(51,3,'ขนมใส่ไส้',135),(53,3,'บัวลอยไข่หวาน',420),(54,3,'ฟักทองแกงบวช',180),(55,3,'กล้วยบวชชี',230),(56,3,'ขนมวุ้น',30),(57,3,'ขนมตะโก้',75),(58,3,'ข้าวเหนียวสังขยา',249),(59,3,'ข้าวต้มมัด',183),(60,1,'ลาบหมู',150),(61,1,'ผัดผักรวม',250),(62,1,'ผัดกระเพรา',114),(63,1,'ผัดเผ็ดปลา',200),(64,1,'ผัดเปรี้ยวหวาน',215),(65,4,'ผลไม้',0),(66,4,'สับปะรด',150),(67,4,'ส้มโอ',52),(68,4,'แก้วมังกร',100),(69,3,'มะม่วงสุก',120),(70,4,'ส้มเขียวหวาน',120),(71,4,'เเอปเปิ้ล',100),(72,4,'แคนตาลูป',30),(73,4,'ฝรั่ง',120),(74,4,'กล้วย',120),(75,4,'มันแกว',40),(76,4,'ชมพู่',21),(77,4,'องุ่น',120),(78,4,'ทุเรียน',60),(79,4,'มังคุด',60),(80,3,'สังขยาฟักทอง',0);
/*!40000 ALTER TABLE `menudata` ENABLE KEYS */;

--
-- Table structure for table `target`
--

DROP TABLE IF EXISTS `target`;
/*!40101 SET @saved_cs_client     = @@character_set_client */;
/*!50503 SET character_set_client = utf8mb4 */;
CREATE TABLE `target` (
  `id` int NOT NULL AUTO_INCREMENT,
  `userid` int NOT NULL,
  `bmi` varchar(191) COLLATE utf8mb4_unicode_ci DEFAULT NULL,
  `cal` varchar(191) COLLATE utf8mb4_unicode_ci DEFAULT NULL,
  PRIMARY KEY (`id`)
) ENGINE=InnoDB AUTO_INCREMENT=9 DEFAULT CHARSET=utf8mb4 COLLATE=utf8mb4_unicode_ci;
/*!40101 SET character_set_client = @saved_cs_client */;

--
-- Dumping data for table `target`
--

/*!40000 ALTER TABLE `target` DISABLE KEYS */;
INSERT INTO `target` VALUES (1,2,'25','123456'),(2,9,'20','3000'),(3,8,'21','1200'),(4,12,'19','5000'),(5,13,'20','3000'),(6,6,'22','3000'),(7,35,'0','0'),(8,1,'22.5','2000');
/*!40000 ALTER TABLE `target` ENABLE KEYS */;

--
-- Table structure for table `user`
--

DROP TABLE IF EXISTS `user`;
/*!40101 SET @saved_cs_client     = @@character_set_client */;
/*!50503 SET character_set_client = utf8mb4 */;
CREATE TABLE `user` (
  `id` int NOT NULL AUTO_INCREMENT,
  `name` varchar(191) COLLATE utf8mb4_unicode_ci NOT NULL,
  `age` int NOT NULL,
  `birthday` varchar(191) COLLATE utf8mb4_unicode_ci NOT NULL,
  `height` int NOT NULL,
  `weight` int NOT NULL,
  `username` varchar(191) COLLATE utf8mb4_unicode_ci NOT NULL,
  `password` varchar(191) COLLATE utf8mb4_unicode_ci NOT NULL,
  `img` varchar(191) COLLATE utf8mb4_unicode_ci DEFAULT NULL,
  `Waist` varchar(191) COLLATE utf8mb4_unicode_ci NOT NULL,
  PRIMARY KEY (`id`)
) ENGINE=InnoDB AUTO_INCREMENT=41 DEFAULT CHARSET=utf8mb4 COLLATE=utf8mb4_unicode_ci;
/*!40101 SET character_set_client = @saved_cs_client */;

--
-- Dumping data for table `user`
--

/*!40000 ALTER TABLE `user` DISABLE KEYS */;
INSERT INTO `user` VALUES (1,'kittipon',21,'10/12/2003',180,70,'Bxok','$argon2id$v=19$m=65536,t=3,p=4$Ynhva19raXR0aXBvbl8wNzEyNDY$4SOW35uGYOVhW33YMn7QZie49K9eES/1E5KhpzLxXxc',NULL,'newWhat'),(2,'bxok',10,'33',180,70,'bxok1','$argon2id$v=19$m=65536,t=3,p=4$Ynhva19raXR0aXBvbl8wNzEyNDY$9LpRsuAYW86JMMVcAZpnMiEfQQTLHAik6jBTEqEtAbs',NULL,''),(3,'กิตตพล อินมูล',21,'07/12/2546',200,70,'kittipon','$argon2id$v=19$m=65536,t=3,p=4$Ynhva19raXR0aXBvbl8wNzEyNDY$4SOW35uGYOVhW33YMn7QZie49K9eES/1E5KhpzLxXxc',NULL,'123'),(4,'กัลยา',21,'12/09/2546',160,51,'กัลยาา','$argon2id$v=19$m=65536,t=3,p=4$Ynhva19raXR0aXBvbl8wNzEyNDY$+wX092KPssCM8/s1yVciVG0lfXLwVADU4ct0M4WbUO8',NULL,'70'),(5,'นภัสนันท์ จันโสดา',21,'26/04/2546',155,64,'นภัสนันท์ จันโสดา','$argon2id$v=19$m=65536,t=3,p=4$Ynhva19raXR0aXBvbl8wNzEyNDY$74aILP82vDDmC9A3oqh7l+7GhZoUMC0k2n6l2mR+9b0',NULL,'80'),(6,'พฤษภา',20,'01/05/2547',161,60,'มะขาม','$argon2id$v=19$m=65536,t=3,p=4$Ynhva19raXR0aXBvbl8wNzEyNDY$+wX092KPssCM8/s1yVciVG0lfXLwVADU4ct0M4WbUO8',NULL,'73'),(7,'กัลยา นวลเปี้ย',21,'12/09/2546',160,70,'kallaya','$argon2id$v=19$m=65536,t=3,p=4$Ynhva19raXR0aXBvbl8wNzEyNDY$WHnAOtVDPwW9gJs0l3L1GtA+fDhS4qPYSlbBQk7xdi0',NULL,'70'),(8,'จิณณพัต ',20,'06/02/2547',165,60,'จิณณพัต','$argon2id$v=19$m=65536,t=3,p=4$Ynhva19raXR0aXBvbl8wNzEyNDY$DIGcnkEIX0SLaqcm6aJL5LG0wfLCDIDK3XD1zCTKX2E',NULL,'71'),(9,'ปัณธร สนโต',27,'23/05/2540',178,70,'ปัณธร','$argon2id$v=19$m=65536,t=3,p=4$Ynhva19raXR0aXBvbl8wNzEyNDY$d/CHjC5uJb9WvIJEPcXoiwb1EpyuXYaBblLTUPalPKA',NULL,'80'),(10,'ญาณาธิป ไกรสถาน',2521,'29/10/46',176,88,'ไทน์','$argon2id$v=19$m=65536,t=3,p=4$Ynhva19raXR0aXBvbl8wNzEyNDY$+wX092KPssCM8/s1yVciVG0lfXLwVADU4ct0M4WbUO8',NULL,'35'),(11,'จริญาพร ทานา',2521,'25/09/46',160,53,'จริญาพร','$argon2id$v=19$m=65536,t=3,p=4$Ynhva19raXR0aXBvbl8wNzEyNDY$iMHXSzt76750aF7T/pu04P9k04GV0QCs+AvUUEXYeAU',NULL,'66.04'),(12,'กัลยา นวลเปี้ย',21,'12/09/2546',160,51,'kallayaa','$argon2id$v=19$m=65536,t=3,p=4$Ynhva19raXR0aXBvbl8wNzEyNDY$+wX092KPssCM8/s1yVciVG0lfXLwVADU4ct0M4WbUO8',NULL,'78'),(13,'kallayaaa',21,'12/09/2546',160,51,'kallayaaa','$argon2id$v=19$m=65536,t=3,p=4$Ynhva19raXR0aXBvbl8wNzEyNDY$WHnAOtVDPwW9gJs0l3L1GtA+fDhS4qPYSlbBQk7xdi0',NULL,'66'),(14,'พระอธิการวิชัย  ฐิตสีโล',51,'26/03/2516',167,95,'พระอธิการวิชัย','$argon2id$v=19$m=65536,t=3,p=4$Ynhva19raXR0aXBvbl8wNzEyNDY$BJPgTmf5Fxesb9kpH/o+IM8nLuwPPNrtYG7bAQYxxps',NULL,'45'),(15,'ชัยยุทธ ชาคโร',52,'28/11/2515',171,70,'chaiyut','$argon2id$v=19$m=65536,t=3,p=4$Ynhva19raXR0aXBvbl8wNzEyNDY$HljbZfY64aaUoDHFglLXMl+jEOVnRH4jcaAxplMofSw',NULL,'0'),(16,'  thuwanun',46,'06/12/2521',165,78,'seree2822','$argon2id$v=19$m=65536,t=3,p=4$Ynhva19raXR0aXBvbl8wNzEyNDY$mAjplsmwQrPgakzEvKL1w1oxwUGG7CMaQkVTeWIaKsk',NULL,'40'),(17,'ฐานิศวร์วอนเจียม',30,'05/04/2537',180,100,'ฐานิศวร์','$argon2id$v=19$m=65536,t=3,p=4$Ynhva19raXR0aXBvbl8wNzEyNDY$Pe3NNt5LSF3MCI3G5w8R1VNrkFU+r2MVQcO6Bqqnhpo',NULL,'45'),(18,'พัฒนพงษ์ เพ็ชรเอี่ยม',32,'18/03/2535',162,63,'พัฒ','$argon2id$v=19$m=65536,t=3,p=4$Ynhva19raXR0aXBvbl8wNzEyNDY$OpWuTvyySDHwcuQ95x0W7r4zhaFDVlBKOwk9gN4bp5M',NULL,'81'),(19,'อณุพร ยศบรรดาศักดิ์',42,'16/01/2525',165,44,'ธมฺมธรโร','$argon2id$v=19$m=65536,t=3,p=4$Ynhva19raXR0aXBvbl8wNzEyNDY$Es0Elc6ZmIHWk3GWl4xf7Ai6lDqmqG4zBWQpK0LrVY4',NULL,'36'),(20,'พระมหาณัฐวุฒิ หวานฉ่ำ',27,'11/02/2540',170,50,'mahanattawut','$argon2id$v=19$m=65536,t=3,p=4$Ynhva19raXR0aXBvbl8wNzEyNDY$z2ntpPY2oN4/wvgTxGX60EfRDXfWIhHuyTojc5Afpgc',NULL,'27'),(21,'พระมหารุ่งสุริยา สุภาติ',39,'20/07/2528',172,110,'ton-2528','$argon2id$v=19$m=65536,t=3,p=4$Ynhva19raXR0aXBvbl8wNzEyNDY$H19CiZ+RULGFN5BKJsONLzNdJFqzvsXZfkOp4asazZc',NULL,'45'),(22,'พระวิสูตร อธิวโร',71,'1/02/2496',165,75,'test','$argon2id$v=19$m=65536,t=3,p=4$Ynhva19raXR0aXBvbl8wNzEyNDY$oFD84O9Pgladln2YyPUWLOqrx1GfH0ehIciin2AJ5i4',NULL,'90'),(23,'พระมหาวิสูตร์ ภูริญาโณ',2547,'28/7/20',171,75,'พระวิสูตร์ ภูริญาโณ','$argon2id$v=19$m=65536,t=3,p=4$Ynhva19raXR0aXBvbl8wNzEyNDY$b/VvqiFEjPZHKOMamP6FRnjzkJd4MGdmWzLfXumFeWQ',NULL,'32'),(24,'ภาสกร. กันทัน',37,'09/03/2530',160,75,'ภาสกร','$argon2id$v=19$m=65536,t=3,p=4$Ynhva19raXR0aXBvbl8wNzEyNDY$WO1+w3kLB9gPcjMH3W97CK1jH/G/oRU/Ilbm2Y+HImc',NULL,'81'),(25,'พระกุหลาบ ปิยะธรรมโม',55,'20/12/2512',165,84,'พระกุหลาบ ปิยะธรมโม','$argon2id$v=19$m=65536,t=3,p=4$Ynhva19raXR0aXBvbl8wNzEyNDY$fxiZ83kvDl3OoEXpF7jyK/5HERTV4mG4CPbi85TkEI4',NULL,'110'),(26,'พระกุหลาบ ปิยธรรมโม',55,'20/12/2512',165,84,'พระกุหลาบ','$argon2id$v=19$m=65536,t=3,p=4$Ynhva19raXR0aXBvbl8wNzEyNDY$fxiZ83kvDl3OoEXpF7jyK/5HERTV4mG4CPbi85TkEI4',NULL,'110'),(27,'suwan',600,'15/2/1967',170,86,'suwan','$argon2id$v=19$m=65536,t=3,p=4$Ynhva19raXR0aXBvbl8wNzEyNDY$l7rJvVZ6uuE3CJw1iix9GyEF0cYbamB36zM6BhrVCTc',NULL,'45'),(28,'อัครเดช สมัครการ',58,'29/01/2509',162,54,'อัครเดช','$argon2id$v=19$m=65536,t=3,p=4$Ynhva19raXR0aXBvbl8wNzEyNDY$40x0RmdRKE8+40MFyLV1MyrIszrkVoQdoIWSY4rMNQU',NULL,'77'),(29,'พระวิรัตน์  จันทร์เติมต่อ',55,'16/05/2512',168,85,'พระวิรัตน์  จันทร์เติมต่อ','$argon2id$v=19$m=65536,t=3,p=4$Ynhva19raXR0aXBvbl8wNzEyNDY$aQTkB16xUk5pb1lZu46Gr5sqxHLZsQVxUdPrNk7qdG0',NULL,'109'),(30,'ณัฐพงษ์ สมศรี',20,'03/05/47',178,44,'Nthaphong','$argon2id$v=19$m=65536,t=3,p=4$Ynhva19raXR0aXBvbl8wNzEyNDY$9OaNnkj0l3S6mkJke3P8Itiy5qLwUmzXi+AU4PblauA',NULL,'28'),(31,'Kamonpob Suknuon',18,'24/07/2549',189,73,'Kamonpob','$argon2id$v=19$m=65536,t=3,p=4$Ynhva19raXR0aXBvbl8wNzEyNDY$Tk1Ctylv+WnEblzzyVpLUvemBjM5yjsu1n02buHjTHA',NULL,'55'),(32,'จุณทรัพน์มุ้ยพันธ์',15,'13/09/2552',165,49,'จุณทรัพย์มุ้ยพันธ์','$argon2id$v=19$m=65536,t=3,p=4$Ynhva19raXR0aXBvbl8wNzEyNDY$5A9R4yHcdVhKtHd1HYNhVPUkN+GgLWj4dNhsfYCmMLo',NULL,'81'),(33,'ปิยะรัศมิ์',21,'23/10/2546',153,80,'ปิยะรัศมิ์','$argon2id$v=19$m=65536,t=3,p=4$Ynhva19raXR0aXBvbl8wNzEyNDY$Pe3NNt5LSF3MCI3G5w8R1VNrkFU+r2MVQcO6Bqqnhpo',NULL,'101'),(34,'กิตติ',21,'07/12/2546',180,70,'NNN','$argon2id$v=19$m=65536,t=3,p=4$Ynhva19raXR0aXBvbl8wNzEyNDY$+FJtvoukB8trK2KMA/q/+QevuJMPxhbkYBLHE9oiW7I',NULL,'40'),(35,'John Doe',30,'1994/05/15',175,70,'john_doe','$argon2id$v=19$m=65536,t=3,p=4$Ynhva19raXR0aXBvbl8wNzEyNDY$Sf3LsHEtgxHOHxOCSs78HXH+9wxkzEu1Pgug6raJ/DU',NULL,'32'),(36,'armtest',100,'11-05-2004',140,100,'arm','$argon2id$v=19$m=65536,t=3,p=4$Ynhva19raXR0aXBvbl8wNzEyNDY$yPADldNmhbt9RSrB7QSKAg/D5lta+FqaDVAt67ttwZg',NULL,'what'),(38,'SSSSSS',17,'19/02/2550',170,100,'Save1','$argon2id$v=19$m=65536,t=3,p=4$Ynhva19raXR0aXBvbl8wNzEyNDY$hKB/+4pHX2vf6fau5zvfNVR5khAPy+vn5Dmt3VTXq3I',NULL,'50'),(39,'bbb',20,'12/03/2500',180,80,'bbbb','$argon2id$v=19$m=65536,t=3,p=4$Ynhva19raXR0aXBvbl8wNzEyNDY$jaGYcw9WgqxfJh1dr19majdhb/hv8Mn1QH8HYIHTY7Y',NULL,'29'),(40,'ทดสอบอาร์ม',20,'11/05/2547',100,100,'armtest','$argon2id$v=19$m=65536,t=3,p=4$Ynhva19raXR0aXBvbl8wNzEyNDY$GATRH/VnuzJPN0ReJAKCs51zfizMl/AlvtZv1GOV4NA',NULL,'100');
/*!40000 ALTER TABLE `user` ENABLE KEYS */;

--
-- Table structure for table `walk`
--

DROP TABLE IF EXISTS `walk`;
/*!40101 SET @saved_cs_client     = @@character_set_client */;
/*!50503 SET character_set_client = utf8mb4 */;
CREATE TABLE `walk` (
  `id` int NOT NULL AUTO_INCREMENT,
  `userid` int NOT NULL,
  `timeh` varchar(191) COLLATE utf8mb4_unicode_ci NOT NULL,
  `timem` varchar(191) COLLATE utf8mb4_unicode_ci NOT NULL,
  `walkcount` int NOT NULL,
  `kcal` int NOT NULL,
  `date` datetime(3) NOT NULL,
  PRIMARY KEY (`id`)
) ENGINE=InnoDB AUTO_INCREMENT=107 DEFAULT CHARSET=utf8mb4 COLLATE=utf8mb4_unicode_ci;
/*!40101 SET character_set_client = @saved_cs_client */;

--
-- Dumping data for table `walk`
--

/*!40000 ALTER TABLE `walk` DISABLE KEYS */;
INSERT INTO `walk` VALUES (1,2,'0','0',1000,0,'2024-08-04 15:13:56.426'),(2,2,'0','0',500,0,'2024-08-04 15:13:56.426'),(3,2,'0','0',600,0,'2024-08-04 15:13:56.727'),(4,2,'0','30',0,1000,'2024-08-04 15:46:23.531'),(5,2,'1','60',0,2000,'2024-08-04 15:52:17.035'),(6,2,'0','0',0,0,'2024-08-05 05:48:50.779'),(7,9,'0','0',42876,2143,'2024-09-04 03:11:42.650'),(8,9,'0','0',42876,2143,'2024-09-04 03:11:43.766'),(9,9,'0','0',42876,2143,'2024-09-04 03:11:44.349'),(10,9,'0','0',42876,2143,'2024-09-04 03:11:44.460'),(11,9,'0','0',42876,2143,'2024-09-04 03:11:44.616'),(12,9,'0','0',42876,2143,'2024-09-04 03:11:45.271'),(13,9,'0','0',42876,2143,'2024-09-04 03:11:45.414'),(14,9,'0','0',42876,2143,'2024-09-04 03:11:45.572'),(15,9,'0','0',42876,2143,'2024-09-04 03:11:45.698'),(16,9,'0','0',42876,2143,'2024-09-04 03:11:45.832'),(17,9,'0','0',42876,2143,'2024-09-04 03:11:45.945'),(18,9,'0','0',42876,2143,'2024-09-04 03:11:46.064'),(19,9,'0','0',42876,2143,'2024-09-04 03:11:47.616'),(20,9,'0','0',42876,2143,'2024-09-04 03:11:47.847'),(21,9,'0','0',42876,2143,'2024-09-04 03:11:47.997'),(22,9,'0','0',42876,2143,'2024-09-04 03:11:48.147'),(23,9,'0','0',42876,2143,'2024-09-04 03:11:48.321'),(24,9,'0','0',42876,2143,'2024-09-04 03:11:48.806'),(25,9,'0','0',42876,2143,'2024-09-04 03:11:48.960'),(26,9,'0','0',42876,2143,'2024-09-04 03:11:49.116'),(27,9,'0','0',42876,2143,'2024-09-04 03:11:53.640'),(28,9,'0','0',42876,2143,'2024-09-04 03:11:53.799'),(29,9,'0','0',42876,2143,'2024-09-04 03:11:53.926'),(30,9,'0','0',42876,2143,'2024-09-04 03:11:59.217'),(31,9,'0','0',42876,2143,'2024-09-04 03:11:59.381'),(32,9,'0','0',42876,2143,'2024-09-04 03:12:01.661'),(33,9,'0','0',42876,2143,'2024-09-04 03:12:02.089'),(34,8,'0','0',31,1,'2024-09-06 03:49:29.243'),(35,8,'0','0',31,1,'2024-09-06 03:49:30.742'),(36,1,'0','1',0,1000,'2024-09-12 13:03:53.581'),(37,1,'0','2',0,2000,'2024-09-12 13:22:13.547'),(38,1,'0','3',0,3000,'2024-09-12 16:10:22.077'),(39,1,'0','4',0,4000,'2024-09-12 16:19:29.890'),(40,1,'0','5',0,5000,'2024-09-12 16:21:20.771'),(41,1,'0','6',0,6000,'2024-09-12 16:23:07.290'),(42,1,'0','7',0,7000,'2024-09-12 16:25:05.463'),(43,1,'0','8',0,8000,'2024-09-12 16:28:57.044'),(44,6,'0','30',0,75,'2024-09-13 03:08:05.967'),(45,8,'0','7',0,0,'2024-09-16 08:45:23.669'),(46,9,'0','0',0,0,'2024-09-20 02:32:24.810'),(47,9,'0','0',0,0,'2024-09-20 02:32:47.569'),(48,11,'0','0',0,0,'2024-09-20 03:06:40.603'),(49,11,'0','0',0,0,'2024-09-20 03:06:41.223'),(50,11,'0','0',0,0,'2024-09-20 03:06:41.846'),(51,6,'0','0',77812,3890,'2024-09-20 03:22:26.266'),(52,6,'0','1',0,0,'2024-09-20 03:24:52.069'),(53,12,'0','2',0,0,'2024-09-20 03:35:33.420'),(54,12,'0','0',0,0,'2024-09-20 03:35:36.807'),(55,13,'0','0',0,0,'2024-09-20 03:46:14.084'),(56,1,'0','7',0,0,'2024-09-20 18:21:16.790'),(57,6,'0','0',94916,4745,'2024-09-23 09:48:55.913'),(58,6,'0','0',94916,4745,'2024-09-23 09:48:56.469'),(59,6,'0','0',0,0,'2024-09-23 10:03:26.967'),(60,24,'0','0',0,0,'2024-09-23 10:40:18.550'),(61,24,'0','0',0,0,'2024-09-23 10:40:19.463'),(62,24,'0','0',0,0,'2024-09-23 10:40:20.868'),(63,24,'0','0',0,0,'2024-09-23 10:40:21.589'),(64,26,'0','0',0,0,'2024-09-23 10:43:10.153'),(65,28,'0','0',0,0,'2024-09-23 10:56:03.824'),(66,29,'0','0',0,0,'2024-09-23 10:58:33.770'),(67,29,'0','0',0,0,'2024-09-23 10:58:38.785'),(68,30,'0','0',4345,217,'2024-09-23 11:04:24.368'),(69,30,'0','0',4345,217,'2024-09-23 11:04:32.263'),(70,31,'0','0',0,0,'2024-09-23 11:08:24.220'),(71,31,'0','0',0,0,'2024-09-23 11:08:25.318'),(72,31,'0','0',0,0,'2024-09-23 11:08:25.899'),(73,31,'0','0',0,0,'2024-09-23 11:08:26.938'),(74,31,'0','0',0,0,'2024-09-23 11:08:27.088'),(75,32,'0','0',0,0,'2024-09-23 11:13:14.653'),(76,32,'0','0',0,0,'2024-09-23 11:13:15.293'),(77,27,'0','0',0,0,'2024-09-23 11:15:34.779'),(78,27,'0','0',0,0,'2024-09-23 11:15:35.537'),(79,27,'0','0',0,0,'2024-09-23 11:15:36.137'),(80,1,'0','1',0,0,'2024-09-25 15:51:13.928'),(81,1,'0','1',0,0,'2024-09-25 15:55:40.973'),(82,1,'0','0',0,0,'2024-09-25 15:56:25.220'),(83,1,'0','0',0,0,'2024-09-25 15:59:59.752'),(84,1,'0','0',0,0,'2024-09-25 16:00:47.167'),(85,1,'0','0',0,0,'2024-09-25 16:00:47.956'),(86,1,'0','0',0,0,'2024-09-25 16:00:48.597'),(87,1,'0','0',0,0,'2024-09-25 16:00:48.795'),(88,1,'0','0',0,0,'2024-09-25 16:00:50.889'),(89,1,'0','0',0,0,'2024-09-25 16:00:52.905'),(90,1,'0','1',0,0,'2024-09-25 16:01:58.506'),(91,1,'0','1',0,0,'2024-09-25 16:03:07.241'),(92,20,'0','0',20,1,'2024-09-27 01:07:20.088'),(93,20,'0','0',20,1,'2024-09-27 01:07:21.157'),(94,20,'0','0',20,1,'2024-09-27 01:07:21.689'),(95,20,'0','0',20,1,'2024-09-27 01:07:22.133'),(96,20,'0','0',20,1,'2024-09-27 01:07:24.680'),(97,20,'0','0',20,1,'2024-09-27 01:07:25.094'),(98,20,'0','0',20,1,'2024-09-27 01:07:25.277'),(99,20,'0','0',20,1,'2024-09-27 01:07:25.494'),(100,20,'0','0',20,1,'2024-09-27 01:07:28.575'),(101,20,'0','0',20,1,'2024-09-27 01:07:29.211'),(102,1,'18','45',8500,300,'2025-01-20 20:07:01.958'),(103,1,'18','45',8500,300,'2025-01-21 07:19:59.749'),(104,39,'','',19,0,'2025-02-06 14:41:11.711'),(105,39,'','',27,1,'2025-02-06 17:00:55.088'),(106,40,'','',0,0,'2025-02-06 17:31:36.064');
/*!40000 ALTER TABLE `walk` ENABLE KEYS */;

--
-- Dumping routines for database 'app'
--
